OrderInformationType,1,ObjectType
OrderInformationType_Description,2,Variable
OrderInformationType_Height,3,Variable
OrderInformationType_Height_Definition,4,Variable
OrderInformationType_Height_ValuePrecision,5,Variable
OrderInformationType_Height_InstrumentRange,6,Variable
OrderInformationType_Height_EURange,7,Variable
OrderInformationType_Height_EngineeringUnits,8,Variable
OrderInformationType_Length,9,Variable
OrderInformationType_Length_Definition,10,Variable
OrderInformationType_Length_ValuePrecision,11,Variable
OrderInformationType_Length_InstrumentRange,12,Variable
OrderInformationType_Length_EURange,13,Variable
OrderInformationType_Length_EngineeringUnits,14,Variable
OrderInformationType_Location,15,Variable
OrderInformationType_MaterialID,16,Variable
OrderInformationType_SerialID,17,Variable
OrderInformationType_Thickness,18,Variable
OrderInformationType_Thickness_Definition,19,Variable
OrderInformationType_Thickness_ValuePrecision,20,Variable
OrderInformationType_Thickness_InstrumentRange,21,Variable
OrderInformationType_Thickness_EURange,22,Variable
OrderInformationType_Thickness_EngineeringUnits,23,Variable
OrderInformationType_Weight,24,Variable
OrderInformationType_Weight_Definition,25,Variable
OrderInformationType_Weight_ValuePrecision,26,Variable
OrderInformationType_Weight_InstrumentRange,27,Variable
OrderInformationType_Weight_EURange,28,Variable
OrderInformationType_Weight_EngineeringUnits,29,Variable
OrderInformationType_Value,30,Variable
OrderInformationType_Quality,31,Variable
OrderJobType,32,ObjectType
OrderJobType_InputMaterial,33,Object
OrderJobType_InputMaterial_Description,34,Variable
OrderJobType_InputMaterial_Height,35,Variable
OrderJobType_InputMaterial_Height_Definition,36,Variable
OrderJobType_InputMaterial_Height_ValuePrecision,37,Variable
OrderJobType_InputMaterial_Height_InstrumentRange,38,Variable
OrderJobType_InputMaterial_Height_EURange,39,Variable
OrderJobType_InputMaterial_Height_EngineeringUnits,40,Variable
OrderJobType_InputMaterial_Length,41,Variable
OrderJobType_InputMaterial_Length_Definition,42,Variable
OrderJobType_InputMaterial_Length_ValuePrecision,43,Variable
OrderJobType_InputMaterial_Length_InstrumentRange,44,Variable
OrderJobType_InputMaterial_Length_EURange,45,Variable
OrderJobType_InputMaterial_Length_EngineeringUnits,46,Variable
OrderJobType_InputMaterial_Location,47,Variable
OrderJobType_InputMaterial_MaterialID,48,Variable
OrderJobType_InputMaterial_SerialID,49,Variable
OrderJobType_InputMaterial_Thickness,50,Variable
OrderJobType_InputMaterial_Thickness_Definition,51,Variable
OrderJobType_InputMaterial_Thickness_ValuePrecision,52,Variable
OrderJobType_InputMaterial_Thickness_InstrumentRange,53,Variable
OrderJobType_InputMaterial_Thickness_EURange,54,Variable
OrderJobType_InputMaterial_Thickness_EngineeringUnits,55,Variable
OrderJobType_InputMaterial_Weight,56,Variable
OrderJobType_InputMaterial_Weight_Definition,57,Variable
OrderJobType_InputMaterial_Weight_ValuePrecision,58,Variable
OrderJobType_InputMaterial_Weight_InstrumentRange,59,Variable
OrderJobType_InputMaterial_Weight_EURange,60,Variable
OrderJobType_InputMaterial_Weight_EngineeringUnits,61,Variable
OrderJobType_OutputMaterial,62,Object
OrderJobType_OutputMaterial_Description,63,Variable
OrderJobType_OutputMaterial_Height,64,Variable
OrderJobType_OutputMaterial_Height_Definition,65,Variable
OrderJobType_OutputMaterial_Height_ValuePrecision,66,Variable
OrderJobType_OutputMaterial_Height_InstrumentRange,67,Variable
OrderJobType_OutputMaterial_Height_EURange,68,Variable
OrderJobType_OutputMaterial_Height_EngineeringUnits,69,Variable
OrderJobType_OutputMaterial_Length,70,Variable
OrderJobType_OutputMaterial_Length_Definition,71,Variable
OrderJobType_OutputMaterial_Length_ValuePrecision,72,Variable
OrderJobType_OutputMaterial_Length_InstrumentRange,73,Variable
OrderJobType_OutputMaterial_Length_EURange,74,Variable
OrderJobType_OutputMaterial_Length_EngineeringUnits,75,Variable
OrderJobType_OutputMaterial_Location,76,Variable
OrderJobType_OutputMaterial_MaterialID,77,Variable
OrderJobType_OutputMaterial_SerialID,78,Variable
OrderJobType_OutputMaterial_Thickness,79,Variable
OrderJobType_OutputMaterial_Thickness_Definition,80,Variable
OrderJobType_OutputMaterial_Thickness_ValuePrecision,81,Variable
OrderJobType_OutputMaterial_Thickness_InstrumentRange,82,Variable
OrderJobType_OutputMaterial_Thickness_EURange,83,Variable
OrderJobType_OutputMaterial_Thickness_EngineeringUnits,84,Variable
OrderJobType_OutputMaterial_Weight,85,Variable
OrderJobType_OutputMaterial_Weight_Definition,86,Variable
OrderJobType_OutputMaterial_Weight_ValuePrecision,87,Variable
OrderJobType_OutputMaterial_Weight_InstrumentRange,88,Variable
OrderJobType_OutputMaterial_Weight_EURange,89,Variable
OrderJobType_OutputMaterial_Weight_EngineeringUnits,90,Variable
OrderJobType_EndTime,91,Variable
OrderJobType_Instruction,92,Object
OrderJobType_Instruction_Plan,93,Object
OrderJobType_Instruction_Plan_Size,94,Variable
OrderJobType_Instruction_Plan_Writable,95,Variable
OrderJobType_Instruction_Plan_UserWritable,96,Variable
OrderJobType_Instruction_Plan_OpenCount,97,Variable
OrderJobType_Instruction_Plan_MimeType,98,Variable
OrderJobType_Instruction_Plan_Open,99,Method
OrderJobType_Instruction_Plan_Open_InputArguments,100,Variable
OrderJobType_Instruction_Plan_Open_OutputArguments,101,Variable
OrderJobType_Instruction_Plan_Close,102,Method
OrderJobType_Instruction_Plan_Close_InputArguments,103,Variable
OrderJobType_Instruction_Plan_Read,104,Method
OrderJobType_Instruction_Plan_Read_InputArguments,105,Variable
OrderJobType_Instruction_Plan_Read_OutputArguments,106,Variable
OrderJobType_Instruction_Plan_Write,107,Method
OrderJobType_Instruction_Plan_Write_InputArguments,108,Variable
OrderJobType_Instruction_Plan_GetPosition,109,Method
OrderJobType_Instruction_Plan_GetPosition_InputArguments,110,Variable
OrderJobType_Instruction_Plan_GetPosition_OutputArguments,111,Variable
OrderJobType_Instruction_Plan_SetPosition,112,Method
OrderJobType_Instruction_Plan_SetPosition_InputArguments,113,Variable
OrderJobType_Instruction_PlanFileFormat,114,Variable
OrderJobType_JobID,115,Variable
OrderJobType_Lock,116,Object
OrderJobType_Lock_Locked,117,Variable
OrderJobType_Lock_LockingClient,118,Variable
OrderJobType_Lock_LockingUser,119,Variable
OrderJobType_Lock_RemainingLockTime,120,Variable
OrderJobType_Lock_InitLock,121,Method
OrderJobType_Lock_InitLock_InputArguments,122,Variable
OrderJobType_Lock_InitLock_OutputArguments,123,Variable
OrderJobType_Lock_RenewLock,124,Method
OrderJobType_Lock_RenewLock_OutputArguments,125,Variable
OrderJobType_Lock_ExitLock,126,Method
OrderJobType_Lock_ExitLock_OutputArguments,127,Variable
OrderJobType_Lock_BreakLock,128,Method
OrderJobType_Lock_BreakLock_OutputArguments,129,Variable
OrderJobType_Name,130,Variable
OrderJobType_NumberInList,131,Variable
OrderJobType_ReleaseJob,132,Method
OrderJobType_StartTime,133,Variable
OrderJobType_State,134,Object
OrderJobType_State_CurrentState,135,Variable
OrderJobType_State_CurrentState_Id,136,Variable
OrderJobType_State_CurrentState_Name,137,Variable
OrderJobType_State_CurrentState_Number,138,Variable
OrderJobType_State_CurrentState_EffectiveDisplayName,139,Variable
OrderJobType_State_LastTransition,140,Variable
OrderJobType_State_LastTransition_Id,141,Variable
OrderJobType_State_LastTransition_Name,142,Variable
OrderJobType_State_LastTransition_Number,143,Variable
OrderJobType_State_LastTransition_TransitionTime,144,Variable
OrderJobType_State_LastTransition_EffectiveTransitionTime,145,Variable
OrderJobType_State_AvailableStates,146,Variable
OrderJobType_State_AvailableTransitions,147,Variable
OrderJobType_State_Aborted,148,Object
OrderJobType_State_Aborted_StateNumber,149,Variable
OrderJobType_State_Ended,150,Object
OrderJobType_State_Ended_StateNumber,151,Variable
OrderJobType_State_InitializedState,152,Object
OrderJobType_State_InitializedState_CurrentState,153,Variable
OrderJobType_State_InitializedState_CurrentState_Id,154,Variable
OrderJobType_State_InitializedState_CurrentState_Name,155,Variable
OrderJobType_State_InitializedState_CurrentState_Number,156,Variable
OrderJobType_State_InitializedState_CurrentState_EffectiveDisplayName,157,Variable
OrderJobType_State_InitializedState_LastTransition,158,Variable
OrderJobType_State_InitializedState_LastTransition_Id,159,Variable
OrderJobType_State_InitializedState_LastTransition_Name,160,Variable
OrderJobType_State_InitializedState_LastTransition_Number,161,Variable
OrderJobType_State_InitializedState_LastTransition_TransitionTime,162,Variable
OrderJobType_State_InitializedState_LastTransition_EffectiveTransitionTime,163,Variable
OrderJobType_State_InitializedState_AvailableStates,164,Variable
OrderJobType_State_InitializedState_AvailableTransitions,165,Variable
OrderJobType_State_InitializedState_Idle,166,Object
OrderJobType_State_InitializedState_Idle_StateNumber,167,Variable
OrderJobType_State_InitializedState_Queued,168,Object
OrderJobType_State_InitializedState_Queued_StateNumber,169,Variable
OrderJobType_State_InitializedState_Released,170,Object
OrderJobType_State_InitializedState_Released_StateNumber,171,Variable
OrderJobType_State_Initializing,172,Object
OrderJobType_State_Initializing_StateNumber,173,Variable
OrderJobType_State_Interrupted,174,Object
OrderJobType_State_Interrupted_StateNumber,175,Variable
OrderJobType_State_Running,176,Object
OrderJobType_State_Running_StateNumber,177,Variable
OrderJobType_SuspendJob,178,Method
OrderJobType_InputMaterial_Value,179,Variable
OrderJobType_InputMaterial_Quality,180,Variable
OrderJobGroupType,181,ObjectType
OrderJobGroupType_GroupID,182,Variable
OrderJobGroupType_JobsCompleted,183,Variable
OrderJobGroupType_JobsPlanned,184,Variable
OrderJobGroupType_NumberInList,185,Variable
OrderJobGroupType_OrderedObject,186,Object
OrderJobGroupType_OrderedObject_EndTime,187,Variable
OrderJobGroupType_OrderedObject_Instruction,188,Object
OrderJobGroupType_OrderedObject_Instruction_Plan,189,Object
OrderJobGroupType_OrderedObject_Instruction_Plan_Size,190,Variable
OrderJobGroupType_OrderedObject_Instruction_Plan_Writable,191,Variable
OrderJobGroupType_OrderedObject_Instruction_Plan_UserWritable,192,Variable
OrderJobGroupType_OrderedObject_Instruction_Plan_OpenCount,193,Variable
OrderJobGroupType_OrderedObject_Instruction_Plan_MimeType,194,Variable
OrderJobGroupType_OrderedObject_Instruction_Plan_Open,195,Method
OrderJobGroupType_OrderedObject_Instruction_Plan_Open_InputArguments,196,Variable
OrderJobGroupType_OrderedObject_Instruction_Plan_Open_OutputArguments,197,Variable
OrderJobGroupType_OrderedObject_Instruction_Plan_Close,198,Method
OrderJobGroupType_OrderedObject_Instruction_Plan_Close_InputArguments,199,Variable
OrderJobGroupType_OrderedObject_Instruction_Plan_Read,200,Method
OrderJobGroupType_OrderedObject_Instruction_Plan_Read_InputArguments,201,Variable
OrderJobGroupType_OrderedObject_Instruction_Plan_Read_OutputArguments,202,Variable
OrderJobGroupType_OrderedObject_Instruction_Plan_Write,203,Method
OrderJobGroupType_OrderedObject_Instruction_Plan_Write_InputArguments,204,Variable
OrderJobGroupType_OrderedObject_Instruction_Plan_GetPosition,205,Method
OrderJobGroupType_OrderedObject_Instruction_Plan_GetPosition_InputArguments,206,Variable
OrderJobGroupType_OrderedObject_Instruction_Plan_GetPosition_OutputArguments,207,Variable
OrderJobGroupType_OrderedObject_Instruction_Plan_SetPosition,208,Method
OrderJobGroupType_OrderedObject_Instruction_Plan_SetPosition_InputArguments,209,Variable
OrderJobGroupType_OrderedObject_Instruction_PlanFileFormat,210,Variable
OrderJobGroupType_OrderedObject_JobID,211,Variable
OrderJobGroupType_OrderedObject_Lock,212,Object
OrderJobGroupType_OrderedObject_Lock_Locked,213,Variable
OrderJobGroupType_OrderedObject_Lock_LockingClient,214,Variable
OrderJobGroupType_OrderedObject_Lock_LockingUser,215,Variable
OrderJobGroupType_OrderedObject_Lock_RemainingLockTime,216,Variable
OrderJobGroupType_OrderedObject_Lock_InitLock,217,Method
OrderJobGroupType_OrderedObject_Lock_InitLock_InputArguments,218,Variable
OrderJobGroupType_OrderedObject_Lock_InitLock_OutputArguments,219,Variable
OrderJobGroupType_OrderedObject_Lock_RenewLock,220,Method
OrderJobGroupType_OrderedObject_Lock_RenewLock_OutputArguments,221,Variable
OrderJobGroupType_OrderedObject_Lock_ExitLock,222,Method
OrderJobGroupType_OrderedObject_Lock_ExitLock_OutputArguments,223,Variable
OrderJobGroupType_OrderedObject_Lock_BreakLock,224,Method
OrderJobGroupType_OrderedObject_Lock_BreakLock_OutputArguments,225,Variable
OrderJobGroupType_OrderedObject_Name,226,Variable
OrderJobGroupType_OrderedObject_NumberInList,227,Variable
OrderJobGroupType_OrderedObject_ReleaseJob,228,Method
OrderJobGroupType_OrderedObject_StartTime,229,Variable
OrderJobGroupType_OrderedObject_State,230,Object
OrderJobGroupType_OrderedObject_State_CurrentState,231,Variable
OrderJobGroupType_OrderedObject_State_CurrentState_Id,232,Variable
OrderJobGroupType_OrderedObject_State_CurrentState_Name,233,Variable
OrderJobGroupType_OrderedObject_State_CurrentState_Number,234,Variable
OrderJobGroupType_OrderedObject_State_CurrentState_EffectiveDisplayName,235,Variable
OrderJobGroupType_OrderedObject_State_LastTransition,236,Variable
OrderJobGroupType_OrderedObject_State_LastTransition_Id,237,Variable
OrderJobGroupType_OrderedObject_State_LastTransition_Name,238,Variable
OrderJobGroupType_OrderedObject_State_LastTransition_Number,239,Variable
OrderJobGroupType_OrderedObject_State_LastTransition_TransitionTime,240,Variable
OrderJobGroupType_OrderedObject_State_LastTransition_EffectiveTransitionTime,241,Variable
OrderJobGroupType_OrderedObject_State_AvailableStates,242,Variable
OrderJobGroupType_OrderedObject_State_AvailableTransitions,243,Variable
OrderJobGroupType_OrderedObject_State_Aborted,244,Object
OrderJobGroupType_OrderedObject_State_Aborted_StateNumber,245,Variable
OrderJobGroupType_OrderedObject_State_Ended,246,Object
OrderJobGroupType_OrderedObject_State_Ended_StateNumber,247,Variable
OrderJobGroupType_OrderedObject_State_InitializedState,248,Object
OrderJobGroupType_OrderedObject_State_InitializedState_CurrentState,249,Variable
OrderJobGroupType_OrderedObject_State_InitializedState_CurrentState_Id,250,Variable
OrderJobGroupType_OrderedObject_State_InitializedState_CurrentState_Name,251,Variable
OrderJobGroupType_OrderedObject_State_InitializedState_CurrentState_Number,252,Variable
OrderJobGroupType_OrderedObject_State_InitializedState_CurrentState_EffectiveDisplayName,253,Variable
OrderJobGroupType_OrderedObject_State_InitializedState_LastTransition,254,Variable
OrderJobGroupType_OrderedObject_State_InitializedState_LastTransition_Id,255,Variable
OrderJobGroupType_OrderedObject_State_InitializedState_LastTransition_Name,256,Variable
OrderJobGroupType_OrderedObject_State_InitializedState_LastTransition_Number,257,Variable
OrderJobGroupType_OrderedObject_State_InitializedState_LastTransition_TransitionTime,258,Variable
OrderJobGroupType_OrderedObject_State_InitializedState_LastTransition_EffectiveTransitionTime,259,Variable
OrderJobGroupType_OrderedObject_State_InitializedState_AvailableStates,260,Variable
OrderJobGroupType_OrderedObject_State_InitializedState_AvailableTransitions,261,Variable
OrderJobGroupType_OrderedObject_State_InitializedState_Idle,262,Object
OrderJobGroupType_OrderedObject_State_InitializedState_Idle_StateNumber,263,Variable
OrderJobGroupType_OrderedObject_State_InitializedState_Queued,264,Object
OrderJobGroupType_OrderedObject_State_InitializedState_Queued_StateNumber,265,Variable
OrderJobGroupType_OrderedObject_State_InitializedState_Released,266,Object
OrderJobGroupType_OrderedObject_State_InitializedState_Released_StateNumber,267,Variable
OrderJobGroupType_OrderedObject_State_Initializing,268,Object
OrderJobGroupType_OrderedObject_State_Initializing_StateNumber,269,Variable
OrderJobGroupType_OrderedObject_State_Interrupted,270,Object
OrderJobGroupType_OrderedObject_State_Interrupted_StateNumber,271,Variable
OrderJobGroupType_OrderedObject_State_Running,272,Object
OrderJobGroupType_OrderedObject_State_Running_StateNumber,273,Variable
OrderJobGroupType_OrderedObject_SuspendJob,274,Method
OrderJobGroupType_OrderedObject_InputMaterial,275,Object
OrderJobGroupType_OrderedObject_InputMaterial_Description,276,Variable
OrderJobGroupType_OrderedObject_InputMaterial_Height,277,Variable
OrderJobGroupType_OrderedObject_InputMaterial_Height_Definition,278,Variable
OrderJobGroupType_OrderedObject_InputMaterial_Height_ValuePrecision,279,Variable
OrderJobGroupType_OrderedObject_InputMaterial_Height_InstrumentRange,280,Variable
OrderJobGroupType_OrderedObject_InputMaterial_Height_EURange,281,Variable
OrderJobGroupType_OrderedObject_InputMaterial_Height_EngineeringUnits,282,Variable
OrderJobGroupType_OrderedObject_InputMaterial_Length,283,Variable
OrderJobGroupType_OrderedObject_InputMaterial_Length_Definition,284,Variable
OrderJobGroupType_OrderedObject_InputMaterial_Length_ValuePrecision,285,Variable
OrderJobGroupType_OrderedObject_InputMaterial_Length_InstrumentRange,286,Variable
OrderJobGroupType_OrderedObject_InputMaterial_Length_EURange,287,Variable
OrderJobGroupType_OrderedObject_InputMaterial_Length_EngineeringUnits,288,Variable
OrderJobGroupType_OrderedObject_InputMaterial_Location,289,Variable
OrderJobGroupType_OrderedObject_InputMaterial_MaterialID,290,Variable
OrderJobGroupType_OrderedObject_InputMaterial_SerialID,291,Variable
OrderJobGroupType_OrderedObject_InputMaterial_Thickness,292,Variable
OrderJobGroupType_OrderedObject_InputMaterial_Thickness_Definition,293,Variable
OrderJobGroupType_OrderedObject_InputMaterial_Thickness_ValuePrecision,294,Variable
OrderJobGroupType_OrderedObject_InputMaterial_Thickness_InstrumentRange,295,Variable
OrderJobGroupType_OrderedObject_InputMaterial_Thickness_EURange,296,Variable
OrderJobGroupType_OrderedObject_InputMaterial_Thickness_EngineeringUnits,297,Variable
OrderJobGroupType_OrderedObject_InputMaterial_Weight,298,Variable
OrderJobGroupType_OrderedObject_InputMaterial_Weight_Definition,299,Variable
OrderJobGroupType_OrderedObject_InputMaterial_Weight_ValuePrecision,300,Variable
OrderJobGroupType_OrderedObject_InputMaterial_Weight_InstrumentRange,301,Variable
OrderJobGroupType_OrderedObject_InputMaterial_Weight_EURange,302,Variable
OrderJobGroupType_OrderedObject_InputMaterial_Weight_EngineeringUnits,303,Variable
OrderJobGroupType_State,304,Object
OrderJobGroupType_State_CurrentState,305,Variable
OrderJobGroupType_State_CurrentState_Id,306,Variable
OrderJobGroupType_State_CurrentState_Name,307,Variable
OrderJobGroupType_State_CurrentState_Number,308,Variable
OrderJobGroupType_State_CurrentState_EffectiveDisplayName,309,Variable
OrderJobGroupType_State_LastTransition,310,Variable
OrderJobGroupType_State_LastTransition_Id,311,Variable
OrderJobGroupType_State_LastTransition_Name,312,Variable
OrderJobGroupType_State_LastTransition_Number,313,Variable
OrderJobGroupType_State_LastTransition_TransitionTime,314,Variable
OrderJobGroupType_State_LastTransition_EffectiveTransitionTime,315,Variable
OrderJobGroupType_State_AvailableStates,316,Variable
OrderJobGroupType_State_AvailableTransitions,317,Variable
OrderJobGroupType_State_Aborted,318,Object
OrderJobGroupType_State_Aborted_StateNumber,319,Variable
OrderJobGroupType_State_Ended,320,Object
OrderJobGroupType_State_Ended_StateNumber,321,Variable
OrderJobGroupType_State_InitializedState,322,Object
OrderJobGroupType_State_InitializedState_CurrentState,323,Variable
OrderJobGroupType_State_InitializedState_CurrentState_Id,324,Variable
OrderJobGroupType_State_InitializedState_CurrentState_Name,325,Variable
OrderJobGroupType_State_InitializedState_CurrentState_Number,326,Variable
OrderJobGroupType_State_InitializedState_CurrentState_EffectiveDisplayName,327,Variable
OrderJobGroupType_State_InitializedState_LastTransition,328,Variable
OrderJobGroupType_State_InitializedState_LastTransition_Id,329,Variable
OrderJobGroupType_State_InitializedState_LastTransition_Name,330,Variable
OrderJobGroupType_State_InitializedState_LastTransition_Number,331,Variable
OrderJobGroupType_State_InitializedState_LastTransition_TransitionTime,332,Variable
OrderJobGroupType_State_InitializedState_LastTransition_EffectiveTransitionTime,333,Variable
OrderJobGroupType_State_InitializedState_AvailableStates,334,Variable
OrderJobGroupType_State_InitializedState_AvailableTransitions,335,Variable
OrderJobGroupType_State_InitializedState_Idle,336,Object
OrderJobGroupType_State_InitializedState_Idle_StateNumber,337,Variable
OrderJobGroupType_State_InitializedState_Queued,338,Object
OrderJobGroupType_State_InitializedState_Queued_StateNumber,339,Variable
OrderJobGroupType_State_InitializedState_Released,340,Object
OrderJobGroupType_State_InitializedState_Released_StateNumber,341,Variable
OrderJobGroupType_State_Initializing,342,Object
OrderJobGroupType_State_Initializing_StateNumber,343,Variable
OrderJobGroupType_State_Interrupted,344,Object
OrderJobGroupType_State_Interrupted_StateNumber,345,Variable
OrderJobGroupType_State_Running,346,Object
OrderJobGroupType_State_Running_StateNumber,347,Variable
OrderProcessingProductionType,348,ObjectType
OrderProcessingProductionType_ChangePositionInList,349,Method
OrderProcessingProductionType_DeleteJobs,350,Method
OrderProcessingProductionType_DeleteJobs_InputArguments,351,Variable
OrderProcessingProductionType_InsertJobs,352,Method
OrderProcessingProductionType_InsertJobs_InputArguments,353,Variable
OrderProcessingProductionType_InsertJobs_OutputArguments,354,Variable
OrderProcessingProductionType_JobListIsRecommendation,355,Variable
OrderProcessingProductionType_ProductionPlan,356,Object
OrderProcessingProductionType_ProductionPlan_OrderedObject,357,Object
OrderProcessingProductionType_ProductionPlan_OrderedObject_GroupID,358,Variable
OrderProcessingProductionType_ProductionPlan_OrderedObject_JobsCompleted,359,Variable
OrderProcessingProductionType_ProductionPlan_OrderedObject_JobsPlanned,360,Variable
OrderProcessingProductionType_ProductionPlan_OrderedObject_NumberInList,361,Variable
OrderProcessingProductionType_ProductionPlan_OrderedObject_State,362,Object
OrderProcessingProductionType_ProductionPlan_OrderedObject_State_CurrentState,363,Variable
OrderProcessingProductionType_ProductionPlan_OrderedObject_State_CurrentState_Id,364,Variable
OrderProcessingProductionType_ProductionPlan_OrderedObject_State_CurrentState_Name,365,Variable
OrderProcessingProductionType_ProductionPlan_OrderedObject_State_CurrentState_Number,366,Variable
OrderProcessingProductionType_ProductionPlan_OrderedObject_State_CurrentState_EffectiveDisplayName,367,Variable
OrderProcessingProductionType_ProductionPlan_OrderedObject_State_LastTransition,368,Variable
OrderProcessingProductionType_ProductionPlan_OrderedObject_State_LastTransition_Id,369,Variable
OrderProcessingProductionType_ProductionPlan_OrderedObject_State_LastTransition_Name,370,Variable
OrderProcessingProductionType_ProductionPlan_OrderedObject_State_LastTransition_Number,371,Variable
OrderProcessingProductionType_ProductionPlan_OrderedObject_State_LastTransition_TransitionTime,372,Variable
OrderProcessingProductionType_ProductionPlan_OrderedObject_State_LastTransition_EffectiveTransitionTime,373,Variable
OrderProcessingProductionType_ProductionPlan_OrderedObject_State_AvailableStates,374,Variable
OrderProcessingProductionType_ProductionPlan_OrderedObject_State_AvailableTransitions,375,Variable
OrderProcessingProductionType_ProductionPlan_OrderedObject_State_Aborted,376,Object
OrderProcessingProductionType_ProductionPlan_OrderedObject_State_Aborted_StateNumber,377,Variable
OrderProcessingProductionType_ProductionPlan_OrderedObject_State_Ended,378,Object
OrderProcessingProductionType_ProductionPlan_OrderedObject_State_Ended_StateNumber,379,Variable
OrderProcessingProductionType_ProductionPlan_OrderedObject_State_InitializedState,380,Object
OrderProcessingProductionType_ProductionPlan_OrderedObject_State_InitializedState_CurrentState,381,Variable
OrderProcessingProductionType_ProductionPlan_OrderedObject_State_InitializedState_CurrentState_Id,382,Variable
OrderProcessingProductionType_ProductionPlan_OrderedObject_State_InitializedState_CurrentState_Name,383,Variable
OrderProcessingProductionType_ProductionPlan_OrderedObject_State_InitializedState_CurrentState_Number,384,Variable
OrderProcessingProductionType_ProductionPlan_OrderedObject_State_InitializedState_CurrentState_EffectiveDisplayName,385,Variable
OrderProcessingProductionType_ProductionPlan_OrderedObject_State_InitializedState_LastTransition,386,Variable
OrderProcessingProductionType_ProductionPlan_OrderedObject_State_InitializedState_LastTransition_Id,387,Variable
OrderProcessingProductionType_ProductionPlan_OrderedObject_State_InitializedState_LastTransition_Name,388,Variable
OrderProcessingProductionType_ProductionPlan_OrderedObject_State_InitializedState_LastTransition_Number,389,Variable
OrderProcessingProductionType_ProductionPlan_OrderedObject_State_InitializedState_LastTransition_TransitionTime,390,Variable
OrderProcessingProductionType_ProductionPlan_OrderedObject_State_InitializedState_LastTransition_EffectiveTransitionTime,391,Variable
OrderProcessingProductionType_ProductionPlan_OrderedObject_State_InitializedState_AvailableStates,392,Variable
OrderProcessingProductionType_ProductionPlan_OrderedObject_State_InitializedState_AvailableTransitions,393,Variable
OrderProcessingProductionType_ProductionPlan_OrderedObject_State_InitializedState_Idle,394,Object
OrderProcessingProductionType_ProductionPlan_OrderedObject_State_InitializedState_Idle_StateNumber,395,Variable
OrderProcessingProductionType_ProductionPlan_OrderedObject_State_InitializedState_Queued,396,Object
OrderProcessingProductionType_ProductionPlan_OrderedObject_State_InitializedState_Queued_StateNumber,397,Variable
OrderProcessingProductionType_ProductionPlan_OrderedObject_State_InitializedState_Released,398,Object
OrderProcessingProductionType_ProductionPlan_OrderedObject_State_InitializedState_Released_StateNumber,399,Variable
OrderProcessingProductionType_ProductionPlan_OrderedObject_State_Initializing,400,Object
OrderProcessingProductionType_ProductionPlan_OrderedObject_State_Initializing_StateNumber,401,Variable
OrderProcessingProductionType_ProductionPlan_OrderedObject_State_Interrupted,402,Object
OrderProcessingProductionType_ProductionPlan_OrderedObject_State_Interrupted_StateNumber,403,Variable
OrderProcessingProductionType_ProductionPlan_OrderedObject_State_Running,404,Object
OrderProcessingProductionType_ProductionPlan_OrderedObject_State_Running_StateNumber,405,Variable
OrderProcessingMachineType,406,ObjectType
OrderProcessingMachineType_Identification,407,Object
OrderProcessingMachineType_Identification_UIElement,408,Variable
OrderProcessingMachineType_Identification_AssetId,409,Variable
OrderProcessingMachineType_Identification_ComponentName,410,Variable
OrderProcessingMachineType_Identification_DeviceClass,411,Variable
OrderProcessingMachineType_Identification_HardwareRevision,412,Variable
OrderProcessingMachineType_Identification_InitialOperationDate,413,Variable
OrderProcessingMachineType_Identification_Manufacturer,414,Variable
OrderProcessingMachineType_Identification_ManufacturerUri,415,Variable
OrderProcessingMachineType_Identification_Model,416,Variable
OrderProcessingMachineType_Identification_MonthOfConstruction,417,Variable
OrderProcessingMachineType_Identification_ProductCode,418,Variable
OrderProcessingMachineType_Identification_ProductInstanceUri,419,Variable
OrderProcessingMachineType_Identification_SerialNumber,420,Variable
OrderProcessingMachineType_Identification_SoftwareRevision,421,Variable
OrderProcessingMachineType_Identification_YearOfConstruction,422,Variable
OrderProcessingMachineType_Identification_DefaultInstanceBrowseName,423,Variable
OrderProcessingMachineType_Identification_Location,424,Variable
OrderProcessingMachineType_Identification_AllowedFileFormat,425,Variable
OrderProcessingMachineType_Identification_LoggedInProfiles,426,Variable
OrderProcessingMachineType_MaintenanceManuals,427,Object
OrderProcessingMachineType_OperationManuals,428,Object
OrderProcessingMachineType_Production,429,Object
OrderProcessingMachineType_Production_ChangePositionInList,430,Method
OrderProcessingMachineType_Production_DeleteJobs,431,Method
OrderProcessingMachineType_Production_DeleteJobs_InputArguments,432,Variable
OrderProcessingMachineType_Production_InsertJobs,433,Method
OrderProcessingMachineType_Production_InsertJobs_InputArguments,434,Variable
OrderProcessingMachineType_Production_InsertJobs_OutputArguments,435,Variable
OrderProcessingMachineType_Production_JobListIsRecommendation,436,Variable
OrderProcessingMachineType_Production_ProductionPlan,437,Object
OrderProcessingMachineType_Production_ProductionPlan_OrderedObject,438,Object
OrderProcessingMachineType_Production_ProductionPlan_OrderedObject_GroupID,439,Variable
OrderProcessingMachineType_Production_ProductionPlan_OrderedObject_JobsCompleted,440,Variable
OrderProcessingMachineType_Production_ProductionPlan_OrderedObject_JobsPlanned,441,Variable
OrderProcessingMachineType_Production_ProductionPlan_OrderedObject_NumberInList,442,Variable
OrderProcessingMachineType_Production_ProductionPlan_OrderedObject_State,443,Object
OrderProcessingMachineType_Production_ProductionPlan_OrderedObject_State_CurrentState,444,Variable
OrderProcessingMachineType_Production_ProductionPlan_OrderedObject_State_CurrentState_Id,445,Variable
OrderProcessingMachineType_Production_ProductionPlan_OrderedObject_State_CurrentState_Name,446,Variable
OrderProcessingMachineType_Production_ProductionPlan_OrderedObject_State_CurrentState_Number,447,Variable
OrderProcessingMachineType_Production_ProductionPlan_OrderedObject_State_CurrentState_EffectiveDisplayName,448,Variable
OrderProcessingMachineType_Production_ProductionPlan_OrderedObject_State_LastTransition,449,Variable
OrderProcessingMachineType_Production_ProductionPlan_OrderedObject_State_LastTransition_Id,450,Variable
OrderProcessingMachineType_Production_ProductionPlan_OrderedObject_State_LastTransition_Name,451,Variable
OrderProcessingMachineType_Production_ProductionPlan_OrderedObject_State_LastTransition_Number,452,Variable
OrderProcessingMachineType_Production_ProductionPlan_OrderedObject_State_LastTransition_TransitionTime,453,Variable
OrderProcessingMachineType_Production_ProductionPlan_OrderedObject_State_LastTransition_EffectiveTransitionTime,454,Variable
OrderProcessingMachineType_Production_ProductionPlan_OrderedObject_State_AvailableStates,455,Variable
OrderProcessingMachineType_Production_ProductionPlan_OrderedObject_State_AvailableTransitions,456,Variable
OrderProcessingMachineType_Production_ProductionPlan_OrderedObject_State_Aborted,457,Object
OrderProcessingMachineType_Production_ProductionPlan_OrderedObject_State_Aborted_StateNumber,458,Variable
OrderProcessingMachineType_Production_ProductionPlan_OrderedObject_State_Ended,459,Object
OrderProcessingMachineType_Production_ProductionPlan_OrderedObject_State_Ended_StateNumber,460,Variable
OrderProcessingMachineType_Production_ProductionPlan_OrderedObject_State_InitializedState,461,Object
OrderProcessingMachineType_Production_ProductionPlan_OrderedObject_State_InitializedState_CurrentState,462,Variable
OrderProcessingMachineType_Production_ProductionPlan_OrderedObject_State_InitializedState_CurrentState_Id,463,Variable
OrderProcessingMachineType_Production_ProductionPlan_OrderedObject_State_InitializedState_CurrentState_Name,464,Variable
OrderProcessingMachineType_Production_ProductionPlan_OrderedObject_State_InitializedState_CurrentState_Number,465,Variable
OrderProcessingMachineType_Production_ProductionPlan_OrderedObject_State_InitializedState_CurrentState_EffectiveDisplayName,466,Variable
OrderProcessingMachineType_Production_ProductionPlan_OrderedObject_State_InitializedState_LastTransition,467,Variable
OrderProcessingMachineType_Production_ProductionPlan_OrderedObject_State_InitializedState_LastTransition_Id,468,Variable
OrderProcessingMachineType_Production_ProductionPlan_OrderedObject_State_InitializedState_LastTransition_Name,469,Variable
OrderProcessingMachineType_Production_ProductionPlan_OrderedObject_State_InitializedState_LastTransition_Number,470,Variable
OrderProcessingMachineType_Production_ProductionPlan_OrderedObject_State_InitializedState_LastTransition_TransitionTime,471,Variable
OrderProcessingMachineType_Production_ProductionPlan_OrderedObject_State_InitializedState_LastTransition_EffectiveTransitionTime,472,Variable
OrderProcessingMachineType_Production_ProductionPlan_OrderedObject_State_InitializedState_AvailableStates,473,Variable
OrderProcessingMachineType_Production_ProductionPlan_OrderedObject_State_InitializedState_AvailableTransitions,474,Variable
OrderProcessingMachineType_Production_ProductionPlan_OrderedObject_State_InitializedState_Idle,475,Object
OrderProcessingMachineType_Production_ProductionPlan_OrderedObject_State_InitializedState_Idle_StateNumber,476,Variable
OrderProcessingMachineType_Production_ProductionPlan_OrderedObject_State_InitializedState_Queued,477,Object
OrderProcessingMachineType_Production_ProductionPlan_OrderedObject_State_InitializedState_Queued_StateNumber,478,Variable
OrderProcessingMachineType_Production_ProductionPlan_OrderedObject_State_InitializedState_Released,479,Object
OrderProcessingMachineType_Production_ProductionPlan_OrderedObject_State_InitializedState_Released_StateNumber,480,Variable
OrderProcessingMachineType_Production_ProductionPlan_OrderedObject_State_Initializing,481,Object
OrderProcessingMachineType_Production_ProductionPlan_OrderedObject_State_Initializing_StateNumber,482,Variable
OrderProcessingMachineType_Production_ProductionPlan_OrderedObject_State_Interrupted,483,Object
OrderProcessingMachineType_Production_ProductionPlan_OrderedObject_State_Interrupted_StateNumber,484,Variable
OrderProcessingMachineType_Production_ProductionPlan_OrderedObject_State_Running,485,Object
OrderProcessingMachineType_Production_ProductionPlan_OrderedObject_State_Running_StateNumber,486,Variable
OrderProcessingMachine,487,Object
OrderProcessingMachine_Identification,488,Object
OrderProcessingMachine_Identification_UIElement,489,Variable
OrderProcessingMachine_Identification_AssetId,490,Variable
OrderProcessingMachine_Identification_ComponentName,491,Variable
OrderProcessingMachine_Identification_DeviceClass,492,Variable
OrderProcessingMachine_Identification_HardwareRevision,493,Variable
OrderProcessingMachine_Identification_InitialOperationDate,494,Variable
OrderProcessingMachine_Identification_Manufacturer,495,Variable
OrderProcessingMachine_Identification_ManufacturerUri,496,Variable
OrderProcessingMachine_Identification_Model,497,Variable
OrderProcessingMachine_Identification_MonthOfConstruction,498,Variable
OrderProcessingMachine_Identification_ProductCode,499,Variable
OrderProcessingMachine_Identification_ProductInstanceUri,500,Variable
OrderProcessingMachine_Identification_SerialNumber,501,Variable
OrderProcessingMachine_Identification_SoftwareRevision,502,Variable
OrderProcessingMachine_Identification_YearOfConstruction,503,Variable
OrderProcessingMachine_Identification_DefaultInstanceBrowseName,504,Variable
OrderProcessingMachine_Identification_Location,505,Variable
OrderProcessingMachine_Identification_AllowedFileFormat,506,Variable
OrderProcessingMachine_Identification_LoggedInProfiles,507,Variable
OrderProcessingMachine_MaintenanceManuals,508,Object
OrderProcessingMachine_OperationManuals,509,Object
OrderProcessingMachine_Production,510,Object
OrderProcessingMachine_Production_ChangePositionInList,511,Method
OrderProcessingMachine_Production_DeleteJobs,512,Method
OrderProcessingMachine_Production_DeleteJobs_InputArguments,513,Variable
OrderProcessingMachine_Production_InsertJobs,514,Method
OrderProcessingMachine_Production_InsertJobs_InputArguments,515,Variable
OrderProcessingMachine_Production_InsertJobs_OutputArguments,516,Variable
OrderProcessingMachine_Production_JobListIsRecommendation,517,Variable
OrderProcessingMachine_Production_ProductionPlan,518,Object
OrderProcessingMachine_Production_ProductionPlan_OrderedObject,519,Object
OrderProcessingMachine_Production_ProductionPlan_OrderedObject_GroupID,520,Variable
OrderProcessingMachine_Production_ProductionPlan_OrderedObject_JobsCompleted,521,Variable
OrderProcessingMachine_Production_ProductionPlan_OrderedObject_JobsPlanned,522,Variable
OrderProcessingMachine_Production_ProductionPlan_OrderedObject_NumberInList,523,Variable
OrderProcessingMachine_Production_ProductionPlan_OrderedObject_State,524,Object
OrderProcessingMachine_Production_ProductionPlan_OrderedObject_State_CurrentState,525,Variable
OrderProcessingMachine_Production_ProductionPlan_OrderedObject_State_CurrentState_Id,526,Variable
OrderProcessingMachine_Production_ProductionPlan_OrderedObject_State_CurrentState_Name,527,Variable
OrderProcessingMachine_Production_ProductionPlan_OrderedObject_State_CurrentState_Number,528,Variable
OrderProcessingMachine_Production_ProductionPlan_OrderedObject_State_CurrentState_EffectiveDisplayName,529,Variable
OrderProcessingMachine_Production_ProductionPlan_OrderedObject_State_LastTransition,530,Variable
OrderProcessingMachine_Production_ProductionPlan_OrderedObject_State_LastTransition_Id,531,Variable
OrderProcessingMachine_Production_ProductionPlan_OrderedObject_State_LastTransition_Name,532,Variable
OrderProcessingMachine_Production_ProductionPlan_OrderedObject_State_LastTransition_Number,533,Variable
OrderProcessingMachine_Production_ProductionPlan_OrderedObject_State_LastTransition_TransitionTime,534,Variable
OrderProcessingMachine_Production_ProductionPlan_OrderedObject_State_LastTransition_EffectiveTransitionTime,535,Variable
OrderProcessingMachine_Production_ProductionPlan_OrderedObject_State_AvailableStates,536,Variable
OrderProcessingMachine_Production_ProductionPlan_OrderedObject_State_AvailableTransitions,537,Variable
OrderProcessingMachine_Production_ProductionPlan_OrderedObject_State_Aborted,538,Object
OrderProcessingMachine_Production_ProductionPlan_OrderedObject_State_Aborted_StateNumber,539,Variable
OrderProcessingMachine_Production_ProductionPlan_OrderedObject_State_Ended,540,Object
OrderProcessingMachine_Production_ProductionPlan_OrderedObject_State_Ended_StateNumber,541,Variable
OrderProcessingMachine_Production_ProductionPlan_OrderedObject_State_InitializedState,542,Object
OrderProcessingMachine_Production_ProductionPlan_OrderedObject_State_InitializedState_CurrentState,543,Variable
OrderProcessingMachine_Production_ProductionPlan_OrderedObject_State_InitializedState_CurrentState_Id,544,Variable
OrderProcessingMachine_Production_ProductionPlan_OrderedObject_State_InitializedState_CurrentState_Name,545,Variable
OrderProcessingMachine_Production_ProductionPlan_OrderedObject_State_InitializedState_CurrentState_Number,546,Variable
OrderProcessingMachine_Production_ProductionPlan_OrderedObject_State_InitializedState_CurrentState_EffectiveDisplayName,547,Variable
OrderProcessingMachine_Production_ProductionPlan_OrderedObject_State_InitializedState_LastTransition,548,Variable
OrderProcessingMachine_Production_ProductionPlan_OrderedObject_State_InitializedState_LastTransition_Id,549,Variable
OrderProcessingMachine_Production_ProductionPlan_OrderedObject_State_InitializedState_LastTransition_Name,550,Variable
OrderProcessingMachine_Production_ProductionPlan_OrderedObject_State_InitializedState_LastTransition_Number,551,Variable
OrderProcessingMachine_Production_ProductionPlan_OrderedObject_State_InitializedState_LastTransition_TransitionTime,552,Variable
OrderProcessingMachine_Production_ProductionPlan_OrderedObject_State_InitializedState_LastTransition_EffectiveTransitionTime,553,Variable
OrderProcessingMachine_Production_ProductionPlan_OrderedObject_State_InitializedState_AvailableStates,554,Variable
OrderProcessingMachine_Production_ProductionPlan_OrderedObject_State_InitializedState_AvailableTransitions,555,Variable
OrderProcessingMachine_Production_ProductionPlan_OrderedObject_State_InitializedState_Idle,556,Object
OrderProcessingMachine_Production_ProductionPlan_OrderedObject_State_InitializedState_Idle_StateNumber,557,Variable
OrderProcessingMachine_Production_ProductionPlan_OrderedObject_State_InitializedState_Queued,558,Object
OrderProcessingMachine_Production_ProductionPlan_OrderedObject_State_InitializedState_Queued_StateNumber,559,Variable
OrderProcessingMachine_Production_ProductionPlan_OrderedObject_State_InitializedState_Released,560,Object
OrderProcessingMachine_Production_ProductionPlan_OrderedObject_State_InitializedState_Released_StateNumber,561,Variable
OrderProcessingMachine_Production_ProductionPlan_OrderedObject_State_Initializing,562,Object
OrderProcessingMachine_Production_ProductionPlan_OrderedObject_State_Initializing_StateNumber,563,Variable
OrderProcessingMachine_Production_ProductionPlan_OrderedObject_State_Interrupted,564,Object
OrderProcessingMachine_Production_ProductionPlan_OrderedObject_State_Interrupted_StateNumber,565,Variable
OrderProcessingMachine_Production_ProductionPlan_OrderedObject_State_Running,566,Object
OrderProcessingMachine_Production_ProductionPlan_OrderedObject_State_Running_StateNumber,567,Variable
