SoftwareUpdateType,1,Unspecified
SoftwareUpdateType_Loading,2,Unspecified
SoftwareUpdateType_Loading_UpdateKey,3,Unspecified
SoftwareUpdateType_PrepareForUpdate,4,Unspecified
SoftwareUpdateType_PrepareForUpdate_CurrentState,5,Unspecified
SoftwareUpdateType_PrepareForUpdate_CurrentState_Id,6,Unspecified
SoftwareUpdateType_PrepareForUpdate_CurrentState_Name,7,Unspecified
SoftwareUpdateType_PrepareForUpdate_CurrentState_Number,8,Unspecified
SoftwareUpdateType_PrepareForUpdate_CurrentState_EffectiveDisplayName,9,Unspecified
SoftwareUpdateType_PrepareForUpdate_LastTransition,10,Unspecified
SoftwareUpdateType_PrepareForUpdate_LastTransition_Id,11,Unspecified
SoftwareUpdateType_PrepareForUpdate_LastTransition_Name,12,Unspecified
SoftwareUpdateType_PrepareForUpdate_LastTransition_Number,13,Unspecified
SoftwareUpdateType_PrepareForUpdate_LastTransition_TransitionTime,14,Unspecified
SoftwareUpdateType_PrepareForUpdate_LastTransition_EffectiveTransitionTime,15,Unspecified
SoftwareUpdateType_PrepareForUpdate_AvailableStates,16,Unspecified
SoftwareUpdateType_PrepareForUpdate_AvailableTransitions,17,Unspecified
SoftwareUpdateType_PrepareForUpdate_PercentComplete,18,Unspecified
SoftwareUpdateType_PrepareForUpdate_Prepare,19,Unspecified
SoftwareUpdateType_PrepareForUpdate_Abort,20,Unspecified
SoftwareUpdateType_PrepareForUpdate_Resume,21,Unspecified
SoftwareUpdateType_PrepareForUpdate_Idle,22,Unspecified
SoftwareUpdateType_PrepareForUpdate_Idle_StateNumber,23,Unspecified
SoftwareUpdateType_PrepareForUpdate_Preparing,24,Unspecified
SoftwareUpdateType_PrepareForUpdate_Preparing_StateNumber,25,Unspecified
SoftwareUpdateType_PrepareForUpdate_PreparedForUpdate,26,Unspecified
SoftwareUpdateType_PrepareForUpdate_PreparedForUpdate_StateNumber,27,Unspecified
SoftwareUpdateType_PrepareForUpdate_Resuming,28,Unspecified
SoftwareUpdateType_PrepareForUpdate_Resuming_StateNumber,29,Unspecified
SoftwareUpdateType_PrepareForUpdate_IdleToPreparing,30,Unspecified
SoftwareUpdateType_PrepareForUpdate_IdleToPreparing_TransitionNumber,31,Unspecified
SoftwareUpdateType_PrepareForUpdate_PreparingToIdle,32,Unspecified
SoftwareUpdateType_PrepareForUpdate_PreparingToIdle_TransitionNumber,33,Unspecified
SoftwareUpdateType_PrepareForUpdate_PreparingToPreparedForUpdate,34,Unspecified
SoftwareUpdateType_PrepareForUpdate_PreparingToPreparedForUpdate_TransitionNumber,35,Unspecified
SoftwareUpdateType_PrepareForUpdate_PreparedForUpdateToResuming,36,Unspecified
SoftwareUpdateType_PrepareForUpdate_PreparedForUpdateToResuming_TransitionNumber,37,Unspecified
SoftwareUpdateType_PrepareForUpdate_ResumingToIdle,38,Unspecified
SoftwareUpdateType_PrepareForUpdate_ResumingToIdle_TransitionNumber,39,Unspecified
SoftwareUpdateType_Installation,40,Unspecified
SoftwareUpdateType_Installation_CurrentState,41,Unspecified
SoftwareUpdateType_Installation_CurrentState_Id,42,Unspecified
SoftwareUpdateType_Installation_CurrentState_Name,43,Unspecified
SoftwareUpdateType_Installation_CurrentState_Number,44,Unspecified
SoftwareUpdateType_Installation_CurrentState_EffectiveDisplayName,45,Unspecified
SoftwareUpdateType_Installation_LastTransition,46,Unspecified
SoftwareUpdateType_Installation_LastTransition_Id,47,Unspecified
SoftwareUpdateType_Installation_LastTransition_Name,48,Unspecified
SoftwareUpdateType_Installation_LastTransition_Number,49,Unspecified
SoftwareUpdateType_Installation_LastTransition_TransitionTime,50,Unspecified
SoftwareUpdateType_Installation_LastTransition_EffectiveTransitionTime,51,Unspecified
SoftwareUpdateType_Installation_AvailableStates,52,Unspecified
SoftwareUpdateType_Installation_AvailableTransitions,53,Unspecified
SoftwareUpdateType_Installation_PercentComplete,54,Unspecified
SoftwareUpdateType_Installation_InstallationDelay,55,Unspecified
SoftwareUpdateType_Installation_InstallSoftwarePackage,56,Unspecified
SoftwareUpdateType_Installation_InstallSoftwarePackage_InputArguments,57,Unspecified
SoftwareUpdateType_Installation_InstallSoftwarePackage_OutputArguments,58,Unspecified
SoftwareUpdateType_Installation_InstallFiles,59,Unspecified
SoftwareUpdateType_Installation_InstallFiles_InputArguments,60,Unspecified
SoftwareUpdateType_Installation_Resume,61,Unspecified
SoftwareUpdateType_Installation_Idle,62,Unspecified
SoftwareUpdateType_Installation_Idle_StateNumber,63,Unspecified
SoftwareUpdateType_Installation_Installing,64,Unspecified
SoftwareUpdateType_Installation_Installing_StateNumber,65,Unspecified
SoftwareUpdateType_Installation_Error,66,Unspecified
SoftwareUpdateType_Installation_Error_StateNumber,67,Unspecified
SoftwareUpdateType_Installation_IdleToInstalling,68,Unspecified
SoftwareUpdateType_Installation_IdleToInstalling_StateNumber,69,Unspecified
SoftwareUpdateType_Installation_InstallingToIdle,70,Unspecified
SoftwareUpdateType_Installation_InstallingToIdle_TransitionNumber,71,Unspecified
SoftwareUpdateType_Installation_InstallingToError,72,Unspecified
SoftwareUpdateType_Installation_InstallingToError_TransitionNumber,73,Unspecified
SoftwareUpdateType_Installation_ErrorToIdle,74,Unspecified
SoftwareUpdateType_Installation_ErrorToIdle_TransitionNumber,75,Unspecified
SoftwareUpdateType_PowerCycle,76,Unspecified
SoftwareUpdateType_PowerCycle_CurrentState,77,Unspecified
SoftwareUpdateType_PowerCycle_CurrentState_Id,78,Unspecified
SoftwareUpdateType_PowerCycle_CurrentState_Name,79,Unspecified
SoftwareUpdateType_PowerCycle_CurrentState_Number,80,Unspecified
SoftwareUpdateType_PowerCycle_CurrentState_EffectiveDisplayName,81,Unspecified
SoftwareUpdateType_PowerCycle_LastTransition,82,Unspecified
SoftwareUpdateType_PowerCycle_LastTransition_Id,83,Unspecified
SoftwareUpdateType_PowerCycle_LastTransition_Name,84,Unspecified
SoftwareUpdateType_PowerCycle_LastTransition_Number,85,Unspecified
SoftwareUpdateType_PowerCycle_LastTransition_TransitionTime,86,Unspecified
SoftwareUpdateType_PowerCycle_LastTransition_EffectiveTransitionTime,87,Unspecified
SoftwareUpdateType_PowerCycle_AvailableStates,88,Unspecified
SoftwareUpdateType_PowerCycle_AvailableTransitions,89,Unspecified
SoftwareUpdateType_PowerCycle_NotWaitingForPowerCycle,90,Unspecified
SoftwareUpdateType_PowerCycle_NotWaitingForPowerCycle_StateNumber,91,Unspecified
SoftwareUpdateType_PowerCycle_WaitingForPowerCycle,92,Unspecified
SoftwareUpdateType_PowerCycle_WaitingForPowerCycle_StateNumber,93,Unspecified
SoftwareUpdateType_PowerCycle_NotWaitingForPowerCycleToWaitingForPowerCycle,94,Unspecified
SoftwareUpdateType_PowerCycle_NotWaitingForPowerCycleToWaitingForPowerCycle_TransitionNumber,95,Unspecified
SoftwareUpdateType_PowerCycle_WaitingForPowerCycleToNotWaitingForPowerCycle,96,Unspecified
SoftwareUpdateType_PowerCycle_WaitingForPowerCycleToNotWaitingForPowerCycle_TransitionNumber,97,Unspecified
SoftwareUpdateType_Confirmation,98,Unspecified
SoftwareUpdateType_Confirmation_CurrentState,99,Unspecified
SoftwareUpdateType_Confirmation_CurrentState_Id,100,Unspecified
SoftwareUpdateType_Confirmation_CurrentState_Name,101,Unspecified
SoftwareUpdateType_Confirmation_CurrentState_Number,102,Unspecified
SoftwareUpdateType_Confirmation_CurrentState_EffectiveDisplayName,103,Unspecified
SoftwareUpdateType_Confirmation_LastTransition,104,Unspecified
SoftwareUpdateType_Confirmation_LastTransition_Id,105,Unspecified
SoftwareUpdateType_Confirmation_LastTransition_Name,106,Unspecified
SoftwareUpdateType_Confirmation_LastTransition_Number,107,Unspecified
SoftwareUpdateType_Confirmation_LastTransition_TransitionTime,108,Unspecified
SoftwareUpdateType_Confirmation_LastTransition_EffectiveTransitionTime,109,Unspecified
SoftwareUpdateType_Confirmation_AvailableStates,110,Unspecified
SoftwareUpdateType_Confirmation_AvailableTransitions,111,Unspecified
SoftwareUpdateType_Confirmation_Confirm,112,Unspecified
SoftwareUpdateType_Confirmation_ConfirmationTimeout,113,Unspecified
SoftwareUpdateType_Confirmation_NotWaitingForConfirm,114,Unspecified
SoftwareUpdateType_Confirmation_NotWaitingForConfirm_StateNumber,115,Unspecified
SoftwareUpdateType_Confirmation_WaitingForConfirm,116,Unspecified
SoftwareUpdateType_Confirmation_WaitingForConfirm_StateNumber,117,Unspecified
SoftwareUpdateType_Confirmation_NotWaitingForConfirmToWaitingForConfirm,118,Unspecified
SoftwareUpdateType_Confirmation_NotWaitingForConfirmToWaitingForConfirm_TransitionNumber,119,Unspecified
SoftwareUpdateType_Confirmation_WaitingForConfirmToNotWaitingForConfirm,120,Unspecified
SoftwareUpdateType_Confirmation_WaitingForConfirmToNotWaitingForConfirm_TransitionNumber,121,Unspecified
SoftwareUpdateType_Parameters,122,Unspecified
SoftwareUpdateType_Parameters_ClientProcessingTimeout,123,Unspecified
SoftwareUpdateType_Parameters_GenerateFileForRead,124,Unspecified
SoftwareUpdateType_Parameters_GenerateFileForRead_InputArguments,125,Unspecified
SoftwareUpdateType_Parameters_GenerateFileForRead_OutputArguments,126,Unspecified
SoftwareUpdateType_Parameters_GenerateFileForWrite,127,Unspecified
SoftwareUpdateType_Parameters_GenerateFileForWrite_InputArguments,128,Unspecified
SoftwareUpdateType_Parameters_GenerateFileForWrite_OutputArguments,129,Unspecified
SoftwareUpdateType_Parameters_CloseAndCommit,130,Unspecified
SoftwareUpdateType_Parameters_CloseAndCommit_InputArguments,131,Unspecified
SoftwareUpdateType_Parameters_CloseAndCommit_OutputArguments,132,Unspecified
SoftwareUpdateType_UpdateStatus,133,Unspecified
SoftwareUpdateType_DefaultInstanceBrowseName,134,Unspecified
SoftwareLoadingType,135,Unspecified
SoftwareLoadingType_UpdateKey,136,Unspecified
PackageLoadingType,137,Unspecified
PackageLoadingType_UpdateKey,138,Unspecified
PackageLoadingType_CurrentVersion,139,Unspecified
PackageLoadingType_FileTransfer,140,Unspecified
PackageLoadingType_FileTransfer_ClientProcessingTimeout,141,Unspecified
PackageLoadingType_FileTransfer_GenerateFileForRead,142,Unspecified
PackageLoadingType_FileTransfer_GenerateFileForRead_InputArguments,143,Unspecified
PackageLoadingType_FileTransfer_GenerateFileForRead_OutputArguments,144,Unspecified
PackageLoadingType_FileTransfer_GenerateFileForWrite,145,Unspecified
PackageLoadingType_FileTransfer_GenerateFileForWrite_InputArguments,146,Unspecified
PackageLoadingType_FileTransfer_GenerateFileForWrite_OutputArguments,147,Unspecified
PackageLoadingType_FileTransfer_CloseAndCommit,148,Unspecified
PackageLoadingType_FileTransfer_CloseAndCommit_InputArguments,149,Unspecified
PackageLoadingType_FileTransfer_CloseAndCommit_OutputArguments,150,Unspecified
PackageLoadingType_ErrorMessage,151,Unspecified
PackageLoadingType_WriteBlockSize,152,Unspecified
DirectLoadingType,153,Unspecified
DirectLoadingType_UpdateKey,154,Unspecified
DirectLoadingType_CurrentVersion,155,Unspecified
DirectLoadingType_FileTransfer,156,Unspecified
DirectLoadingType_FileTransfer_ClientProcessingTimeout,157,Unspecified
DirectLoadingType_FileTransfer_GenerateFileForRead,158,Unspecified
DirectLoadingType_FileTransfer_GenerateFileForRead_InputArguments,159,Unspecified
DirectLoadingType_FileTransfer_GenerateFileForRead_OutputArguments,160,Unspecified
DirectLoadingType_FileTransfer_GenerateFileForWrite,161,Unspecified
DirectLoadingType_FileTransfer_GenerateFileForWrite_InputArguments,162,Unspecified
DirectLoadingType_FileTransfer_GenerateFileForWrite_OutputArguments,163,Unspecified
DirectLoadingType_FileTransfer_CloseAndCommit,164,Unspecified
DirectLoadingType_FileTransfer_CloseAndCommit_InputArguments,165,Unspecified
DirectLoadingType_FileTransfer_CloseAndCommit_OutputArguments,166,Unspecified
DirectLoadingType_ErrorMessage,167,Unspecified
DirectLoadingType_WriteBlockSize,168,Unspecified
DirectLoadingType_UpdateBehavior,169,Unspecified
DirectLoadingType_WriteTimeout,170,Unspecified
CachedLoadingType,171,Unspecified
CachedLoadingType_UpdateKey,172,Unspecified
CachedLoadingType_CurrentVersion,173,Unspecified
CachedLoadingType_FileTransfer,174,Unspecified
CachedLoadingType_FileTransfer_ClientProcessingTimeout,175,Unspecified
CachedLoadingType_FileTransfer_GenerateFileForRead,176,Unspecified
CachedLoadingType_FileTransfer_GenerateFileForRead_InputArguments,177,Unspecified
CachedLoadingType_FileTransfer_GenerateFileForRead_OutputArguments,178,Unspecified
CachedLoadingType_FileTransfer_GenerateFileForWrite,179,Unspecified
CachedLoadingType_FileTransfer_GenerateFileForWrite_InputArguments,180,Unspecified
CachedLoadingType_FileTransfer_GenerateFileForWrite_OutputArguments,181,Unspecified
CachedLoadingType_FileTransfer_CloseAndCommit,182,Unspecified
CachedLoadingType_FileTransfer_CloseAndCommit_InputArguments,183,Unspecified
CachedLoadingType_FileTransfer_CloseAndCommit_OutputArguments,184,Unspecified
CachedLoadingType_ErrorMessage,185,Unspecified
CachedLoadingType_WriteBlockSize,186,Unspecified
CachedLoadingType_PendingVersion,187,Unspecified
CachedLoadingType_FallbackVersion,188,Unspecified
CachedLoadingType_GetUpdateBehavior,189,Unspecified
CachedLoadingType_GetUpdateBehavior_InputArguments,190,Unspecified
CachedLoadingType_GetUpdateBehavior_OutputArguments,191,Unspecified
FileSystemLoadingType,192,Unspecified
FileSystemLoadingType_UpdateKey,193,Unspecified
FileSystemLoadingType_FileSystem,194,Unspecified
FileSystemLoadingType_FileSystem_CreateDirectory,195,Unspecified
FileSystemLoadingType_FileSystem_CreateDirectory_InputArguments,196,Unspecified
FileSystemLoadingType_FileSystem_CreateDirectory_OutputArguments,197,Unspecified
FileSystemLoadingType_FileSystem_CreateFile,198,Unspecified
FileSystemLoadingType_FileSystem_CreateFile_InputArguments,199,Unspecified
FileSystemLoadingType_FileSystem_CreateFile_OutputArguments,200,Unspecified
FileSystemLoadingType_FileSystem_DeleteFileSystemObject,201,Unspecified
FileSystemLoadingType_FileSystem_DeleteFileSystemObject_InputArguments,202,Unspecified
FileSystemLoadingType_FileSystem_MoveOrCopy,203,Unspecified
FileSystemLoadingType_FileSystem_MoveOrCopy_InputArguments,204,Unspecified
FileSystemLoadingType_FileSystem_MoveOrCopy_OutputArguments,205,Unspecified
FileSystemLoadingType_GetUpdateBehavior,206,Unspecified
FileSystemLoadingType_GetUpdateBehavior_InputArguments,207,Unspecified
FileSystemLoadingType_GetUpdateBehavior_OutputArguments,208,Unspecified
FileSystemLoadingType_ValidateFiles,209,Unspecified
FileSystemLoadingType_ValidateFiles_InputArguments,210,Unspecified
FileSystemLoadingType_ValidateFiles_OutputArguments,211,Unspecified
SoftwareVersionType,212,Unspecified
PrepareForUpdateStateMachineType,213,Unspecified
PrepareForUpdateStateMachineType_CurrentState,214,Unspecified
PrepareForUpdateStateMachineType_CurrentState_Id,215,Unspecified
PrepareForUpdateStateMachineType_CurrentState_Name,216,Unspecified
PrepareForUpdateStateMachineType_CurrentState_Number,217,Unspecified
PrepareForUpdateStateMachineType_CurrentState_EffectiveDisplayName,218,Unspecified
PrepareForUpdateStateMachineType_LastTransition,219,Unspecified
PrepareForUpdateStateMachineType_LastTransition_Id,220,Unspecified
PrepareForUpdateStateMachineType_LastTransition_Name,221,Unspecified
PrepareForUpdateStateMachineType_LastTransition_Number,222,Unspecified
PrepareForUpdateStateMachineType_LastTransition_TransitionTime,223,Unspecified
PrepareForUpdateStateMachineType_LastTransition_EffectiveTransitionTime,224,Unspecified
PrepareForUpdateStateMachineType_AvailableStates,225,Unspecified
PrepareForUpdateStateMachineType_AvailableTransitions,226,Unspecified
PrepareForUpdateStateMachineType_PercentComplete,227,Unspecified
PrepareForUpdateStateMachineType_Prepare,228,Unspecified
PrepareForUpdateStateMachineType_Abort,229,Unspecified
PrepareForUpdateStateMachineType_Resume,230,Unspecified
PrepareForUpdateStateMachineType_Idle,231,Unspecified
PrepareForUpdateStateMachineType_Idle_StateNumber,232,Unspecified
PrepareForUpdateStateMachineType_Preparing,233,Unspecified
PrepareForUpdateStateMachineType_Preparing_StateNumber,234,Unspecified
PrepareForUpdateStateMachineType_PreparedForUpdate,235,Unspecified
PrepareForUpdateStateMachineType_PreparedForUpdate_StateNumber,236,Unspecified
PrepareForUpdateStateMachineType_Resuming,237,Unspecified
PrepareForUpdateStateMachineType_Resuming_StateNumber,238,Unspecified
PrepareForUpdateStateMachineType_IdleToPreparing,239,Unspecified
PrepareForUpdateStateMachineType_IdleToPreparing_TransitionNumber,240,Unspecified
PrepareForUpdateStateMachineType_PreparingToIdle,241,Unspecified
PrepareForUpdateStateMachineType_PreparingToIdle_TransitionNumber,242,Unspecified
PrepareForUpdateStateMachineType_PreparingToPreparedForUpdate,243,Unspecified
PrepareForUpdateStateMachineType_PreparingToPreparedForUpdate_TransitionNumber,244,Unspecified
PrepareForUpdateStateMachineType_PreparedForUpdateToResuming,245,Unspecified
PrepareForUpdateStateMachineType_PreparedForUpdateToResuming_TransitionNumber,246,Unspecified
PrepareForUpdateStateMachineType_ResumingToIdle,247,Unspecified
PrepareForUpdateStateMachineType_ResumingToIdle_TransitionNumber,248,Unspecified
InstallationStateMachineType,249,Unspecified
InstallationStateMachineType_CurrentState,250,Unspecified
InstallationStateMachineType_CurrentState_Id,251,Unspecified
InstallationStateMachineType_CurrentState_Name,252,Unspecified
InstallationStateMachineType_CurrentState_Number,253,Unspecified
InstallationStateMachineType_CurrentState_EffectiveDisplayName,254,Unspecified
InstallationStateMachineType_LastTransition,255,Unspecified
InstallationStateMachineType_LastTransition_Id,256,Unspecified
InstallationStateMachineType_LastTransition_Name,257,Unspecified
InstallationStateMachineType_LastTransition_Number,258,Unspecified
InstallationStateMachineType_LastTransition_TransitionTime,259,Unspecified
InstallationStateMachineType_LastTransition_EffectiveTransitionTime,260,Unspecified
InstallationStateMachineType_AvailableStates,261,Unspecified
InstallationStateMachineType_AvailableTransitions,262,Unspecified
InstallationStateMachineType_PercentComplete,263,Unspecified
InstallationStateMachineType_InstallationDelay,264,Unspecified
InstallationStateMachineType_InstallSoftwarePackage,265,Unspecified
InstallationStateMachineType_InstallSoftwarePackage_InputArguments,266,Unspecified
InstallationStateMachineType_InstallSoftwarePackage_OutputArguments,267,Unspecified
InstallationStateMachineType_InstallFiles,268,Unspecified
InstallationStateMachineType_InstallFiles_InputArguments,269,Unspecified
InstallationStateMachineType_Resume,270,Unspecified
InstallationStateMachineType_Idle,271,Unspecified
InstallationStateMachineType_Idle_StateNumber,272,Unspecified
InstallationStateMachineType_Installing,273,Unspecified
InstallationStateMachineType_Installing_StateNumber,274,Unspecified
InstallationStateMachineType_Error,275,Unspecified
InstallationStateMachineType_Error_StateNumber,276,Unspecified
InstallationStateMachineType_IdleToInstalling,277,Unspecified
InstallationStateMachineType_IdleToInstalling_StateNumber,278,Unspecified
InstallationStateMachineType_InstallingToIdle,279,Unspecified
InstallationStateMachineType_InstallingToIdle_TransitionNumber,280,Unspecified
InstallationStateMachineType_InstallingToError,281,Unspecified
InstallationStateMachineType_InstallingToError_TransitionNumber,282,Unspecified
InstallationStateMachineType_ErrorToIdle,283,Unspecified
InstallationStateMachineType_ErrorToIdle_TransitionNumber,284,Unspecified
PowerCycleStateMachineType,285,Unspecified
PowerCycleStateMachineType_CurrentState,286,Unspecified
PowerCycleStateMachineType_CurrentState_Id,287,Unspecified
PowerCycleStateMachineType_CurrentState_Name,288,Unspecified
PowerCycleStateMachineType_CurrentState_Number,289,Unspecified
PowerCycleStateMachineType_CurrentState_EffectiveDisplayName,290,Unspecified
PowerCycleStateMachineType_LastTransition,291,Unspecified
PowerCycleStateMachineType_LastTransition_Id,292,Unspecified
PowerCycleStateMachineType_LastTransition_Name,293,Unspecified
PowerCycleStateMachineType_LastTransition_Number,294,Unspecified
PowerCycleStateMachineType_LastTransition_TransitionTime,295,Unspecified
PowerCycleStateMachineType_LastTransition_EffectiveTransitionTime,296,Unspecified
PowerCycleStateMachineType_AvailableStates,297,Unspecified
PowerCycleStateMachineType_AvailableTransitions,298,Unspecified
PowerCycleStateMachineType_NotWaitingForPowerCycle,299,Unspecified
PowerCycleStateMachineType_NotWaitingForPowerCycle_StateNumber,300,Unspecified
PowerCycleStateMachineType_WaitingForPowerCycle,301,Unspecified
PowerCycleStateMachineType_WaitingForPowerCycle_StateNumber,302,Unspecified
PowerCycleStateMachineType_NotWaitingForPowerCycleToWaitingForPowerCycle,303,Unspecified
PowerCycleStateMachineType_NotWaitingForPowerCycleToWaitingForPowerCycle_TransitionNumber,304,Unspecified
PowerCycleStateMachineType_WaitingForPowerCycleToNotWaitingForPowerCycle,305,Unspecified
PowerCycleStateMachineType_WaitingForPowerCycleToNotWaitingForPowerCycle_TransitionNumber,306,Unspecified
ConfirmationStateMachineType,307,Unspecified
ConfirmationStateMachineType_CurrentState,308,Unspecified
ConfirmationStateMachineType_CurrentState_Id,309,Unspecified
ConfirmationStateMachineType_CurrentState_Name,310,Unspecified
ConfirmationStateMachineType_CurrentState_Number,311,Unspecified
ConfirmationStateMachineType_CurrentState_EffectiveDisplayName,312,Unspecified
ConfirmationStateMachineType_LastTransition,313,Unspecified
ConfirmationStateMachineType_LastTransition_Id,314,Unspecified
ConfirmationStateMachineType_LastTransition_Name,315,Unspecified
ConfirmationStateMachineType_LastTransition_Number,316,Unspecified
ConfirmationStateMachineType_LastTransition_TransitionTime,317,Unspecified
ConfirmationStateMachineType_LastTransition_EffectiveTransitionTime,318,Unspecified
ConfirmationStateMachineType_AvailableStates,319,Unspecified
ConfirmationStateMachineType_AvailableTransitions,320,Unspecified
ConfirmationStateMachineType_Confirm,321,Unspecified
ConfirmationStateMachineType_ConfirmationTimeout,322,Unspecified
ConfirmationStateMachineType_NotWaitingForConfirm,323,Unspecified
ConfirmationStateMachineType_NotWaitingForConfirm_StateNumber,324,Unspecified
ConfirmationStateMachineType_WaitingForConfirm,325,Unspecified
ConfirmationStateMachineType_WaitingForConfirm_StateNumber,326,Unspecified
ConfirmationStateMachineType_NotWaitingForConfirmToWaitingForConfirm,327,Unspecified
ConfirmationStateMachineType_NotWaitingForConfirmToWaitingForConfirm_TransitionNumber,328,Unspecified
ConfirmationStateMachineType_WaitingForConfirmToNotWaitingForConfirm,329,Unspecified
ConfirmationStateMachineType_WaitingForConfirmToNotWaitingForConfirm_TransitionNumber,330,Unspecified
SoftwareVersionFileType,331,Unspecified
SoftwareVersionFileType_EnumStrings,332,Unspecified
UpdateBehavior,333,Unspecified
UpdateBehavior_Encoding_DefaultBinary,334,Unspecified
OpcUaDi_BinarySchema_UpdateBehavior,335,Unspecified
OpcUaDi_BinarySchema_UpdateBehavior_DataTypeVersion,336,Unspecified
OpcUaDi_BinarySchema_UpdateBehavior_DictionaryFragment,337,Unspecified
UpdateBehavior_Encoding_DefaultXml,338,Unspecified
OpcUaDi_XmlSchema_UpdateBehavior,339,Unspecified
OpcUaDi_XmlSchema_UpdateBehavior_DataTypeVersion,340,Unspecified
OpcUaDi_XmlSchema_UpdateBehavior_DictionaryFragment,341,Unspecified
UpdateBehavior_Encoding_DefaultJson,342,Unspecified
OPCUADINamespaceMetadata_NamespaceFile_MaxBufferLength,343,Unspecified
SoftwareUpdateType_ErrorCode,344,Unspecified
PackageLoadingType_CurrentVersion_Manufacturer,345,Unspecified
PackageLoadingType_CurrentVersion_ManufacturerUri,346,Unspecified
PackageLoadingType_CurrentVersion_SoftwareRevision,347,Unspecified
PackageLoadingType_CurrentVersion_PatchIdentifiers,348,Unspecified
PackageLoadingType_CurrentVersion_ReleaseDate,349,Unspecified
PackageLoadingType_CurrentVersion_ChangeLogReference,350,Unspecified
PackageLoadingType_CurrentVersion_Hash,351,Unspecified
DirectLoadingType_CurrentVersion_Manufacturer,352,Unspecified
DirectLoadingType_CurrentVersion_ManufacturerUri,353,Unspecified
DirectLoadingType_CurrentVersion_SoftwareRevision,354,Unspecified
DirectLoadingType_CurrentVersion_PatchIdentifiers,355,Unspecified
DirectLoadingType_CurrentVersion_ReleaseDate,356,Unspecified
DirectLoadingType_CurrentVersion_ChangeLogReference,357,Unspecified
DirectLoadingType_CurrentVersion_Hash,358,Unspecified
CachedLoadingType_CurrentVersion_Manufacturer,359,Unspecified
CachedLoadingType_CurrentVersion_ManufacturerUri,360,Unspecified
CachedLoadingType_CurrentVersion_SoftwareRevision,361,Unspecified
CachedLoadingType_CurrentVersion_PatchIdentifiers,362,Unspecified
CachedLoadingType_CurrentVersion_ReleaseDate,363,Unspecified
CachedLoadingType_CurrentVersion_ChangeLogReference,364,Unspecified
CachedLoadingType_CurrentVersion_Hash,365,Unspecified
CachedLoadingType_PendingVersion_Manufacturer,366,Unspecified
CachedLoadingType_PendingVersion_ManufacturerUri,367,Unspecified
CachedLoadingType_PendingVersion_SoftwareRevision,368,Unspecified
CachedLoadingType_PendingVersion_PatchIdentifiers,369,Unspecified
CachedLoadingType_PendingVersion_ReleaseDate,370,Unspecified
CachedLoadingType_PendingVersion_ChangeLogReference,371,Unspecified
CachedLoadingType_PendingVersion_Hash,372,Unspecified
CachedLoadingType_FallbackVersion_Manufacturer,373,Unspecified
CachedLoadingType_FallbackVersion_ManufacturerUri,374,Unspecified
CachedLoadingType_FallbackVersion_SoftwareRevision,375,Unspecified
CachedLoadingType_FallbackVersion_PatchIdentifiers,376,Unspecified
CachedLoadingType_FallbackVersion_ReleaseDate,377,Unspecified
CachedLoadingType_FallbackVersion_ChangeLogReference,378,Unspecified
CachedLoadingType_FallbackVersion_Hash,379,Unspecified
SoftwareVersionType_Manufacturer,380,Unspecified
SoftwareVersionType_ManufacturerUri,381,Unspecified
SoftwareVersionType_SoftwareRevision,382,Unspecified
SoftwareVersionType_PatchIdentifiers,383,Unspecified
SoftwareVersionType_ReleaseDate,384,Unspecified
SoftwareVersionType_ChangeLogReference,385,Unspecified
SoftwareVersionType_Hash,386,Unspecified
InstallationStateMachineType_IdleToInstalling_TransitionNumber,387,Unspecified
UpdateBehavior_OptionSetValues,388,Unspecified
InstallSoftwarePackageMethodType,389,Unspecified
InstallSoftwarePackageMethodType_InputArguments,390,Unspecified
InstallFilesMethodType,391,Unspecified
InstallFilesMethodType_InputArguments,392,Unspecified
GetUpdateBehaviorFileSystemMethodType,393,Unspecified
GetUpdateBehaviorFileSystemMethodType_InputArguments,394,Unspecified
GetUpdateBehaviorFileSystemMethodType_OutputArguments,395,Unspecified
ValidateFilesMethodType,396,Unspecified
ValidateFilesMethodType_InputArguments,397,Unspecified
ValidateFilesMethodType_OutputArguments,398,Unspecified
GetUpdateBehaviorCachedLoadingMethodType,399,Unspecified
GetUpdateBehaviorCachedLoadingMethodType_InputArguments,400,Unspecified
GetUpdateBehaviorCachedLoadingMethodType_OutputArguments,401,Unspecified
SoftwareUpdateType_VendorErrorCode,402,Unspecified
TopologyElementType,1001,ObjectType
DeviceType,1002,ObjectType
BlockType,1003,ObjectType
ConfigurableObjectType,1004,ObjectType
FunctionalGroupType,1005,ObjectType
ProtocolType,1006,ObjectType
DeviceSet,5001,Object
TopologyElementType_ParameterSet,5002,Object
TopologyElementType_MethodSet,5003,Object
ConfigurableObjectType_SupportedTypes,5004,Object
DeviceType_ParameterSet,5005,Object
DeviceType_MethodSet,5006,Object
BlockType_ParameterSet,5007,Object
BlockType_MethodSet,5008,Object
DeviceType_SerialNumber,6001,Variable
DeviceType_RevisionCounter,6002,Variable
DeviceType_Manufacturer,6003,Variable
DeviceType_Model,6004,Variable
DeviceType_DeviceManual,6005,Variable
DeviceType_DeviceRevision,6006,Variable
DeviceType_SoftwareRevision,6007,Variable
DeviceType_HardwareRevision,6008,Variable
BlockType_RevisionCounter,6009,Variable
BlockType_ActualMode,6010,Variable
BlockType_PermittedMode,6011,Variable
BlockType_NormalMode,6012,Variable
BlockType_TargetMode,6013,Variable
TopologyElementType_Identification,6014,Object
DeviceType_Identification,6015,Object
BlockType_Identification,6016,Object
TopologyElementType_ParameterSet_ParameterIdentifier,6017,Variable
TopologyElementType_MethodSet_MethodIdentifier,6018,Method
DeviceType_ParameterSet_ParameterIdentifier,6020,Variable
DeviceType_MethodSet_MethodIdentifier,6021,Method
BlockType_ParameterSet_ParameterIdentifier,6023,Variable
BlockType_MethodSet_MethodIdentifier,6024,Method
ConfigurableObjectType_ObjectIdentifier,6026,Object
FunctionalGroupType_GroupIdentifier,6027,Object
ConnectsTo,6030,ReferenceType
IsOnline,6031,ReferenceType
NetworkSet,6078,Object
DeviceTopology,6094,Object
DeviceTopology_OnlineAccess,6095,Variable
TopologyElementType_Identification_UIElement,6160,Variable
TopologyElementType_Lock,6161,Object
TopologyElementType_Lock_LockingClient,6163,Variable
TopologyElementType_Lock_LockingUser,6164,Variable
TopologyElementType_Lock_RemainingLockTime,6165,Variable
TopologyElementType_Lock_InitLock,6166,Method
TopologyElementType_Lock_InitLock_InputArguments,6167,Variable
TopologyElementType_Lock_InitLock_OutputArguments,6168,Variable
TopologyElementType_Lock_RenewLock,6169,Method
TopologyElementType_Lock_RenewLock_OutputArguments,6170,Variable
TopologyElementType_Lock_ExitLock,6171,Method
TopologyElementType_Lock_ExitLock_OutputArguments,6172,Variable
TopologyElementType_Lock_BreakLock,6173,Method
TopologyElementType_Lock_BreakLock_OutputArguments,6174,Variable
DeviceType_Identification_UIElement,6185,Variable
DeviceType_Lock,6186,Object
DeviceType_Lock_LockingClient,6188,Variable
DeviceType_Lock_LockingUser,6189,Variable
DeviceType_Lock_RemainingLockTime,6190,Variable
DeviceType_Lock_InitLock,6191,Method
DeviceType_Lock_InitLock_InputArguments,6192,Variable
DeviceType_Lock_InitLock_OutputArguments,6193,Variable
DeviceType_Lock_RenewLock,6194,Method
DeviceType_Lock_RenewLock_OutputArguments,6195,Variable
DeviceType_Lock_ExitLock,6196,Method
DeviceType_Lock_ExitLock_OutputArguments,6197,Variable
DeviceType_Lock_BreakLock,6198,Method
DeviceType_Lock_BreakLock_OutputArguments,6199,Variable
DeviceType_DeviceHealth,6208,Variable
DeviceType_DeviceTypeImage,6209,Object
DeviceType_DeviceTypeImage_ImageIdentifier,6210,Variable
DeviceType_Documentation,6211,Object
DeviceType_Documentation_DocumentIdentifier,6212,Variable
DeviceType_ProtocolSupport,6213,Object
DeviceType_ProtocolSupport_ProtocolSupportIdentifier,6214,Variable
DeviceType_ImageSet,6215,Object
DeviceType_ImageSet_ImageIdentifier,6216,Variable
BlockType_Identification_UIElement,6219,Variable
BlockType_Lock,6220,Object
BlockType_Lock_LockingClient,6222,Variable
BlockType_Lock_LockingUser,6223,Variable
BlockType_Lock_RemainingLockTime,6224,Variable
BlockType_Lock_InitLock,6225,Method
BlockType_Lock_InitLock_InputArguments,6226,Variable
BlockType_Lock_InitLock_OutputArguments,6227,Variable
BlockType_Lock_RenewLock,6228,Method
BlockType_Lock_RenewLock_OutputArguments,6229,Variable
BlockType_Lock_ExitLock,6230,Method
BlockType_Lock_ExitLock_OutputArguments,6231,Variable
BlockType_Lock_BreakLock,6232,Method
BlockType_Lock_BreakLock_OutputArguments,6233,Variable
FunctionalGroupType_GroupIdentifier_UIElement,6242,Variable
FunctionalGroupType_UIElement,6243,Variable
DeviceHealthEnumeration,6244,DataType
UIElementType,6246,VariableType
NetworkType,6247,ObjectType
NetworkType_CPIdentifier,6248,Object
NetworkType_CPIdentifier_ParameterSet,6249,Object
NetworkType_CPIdentifier_ParameterSet_ParameterIdentifier,6250,Variable
NetworkType_CPIdentifier_MethodSet,6251,Object
NetworkType_CPIdentifier_MethodSet_MethodIdentifier,6252,Method
NetworkType_CPIdentifier_Identification,6253,Object
NetworkType_CPIdentifier_Identification_UIElement,6254,Variable
NetworkType_CPIdentifier_Lock,6255,Object
NetworkType_CPIdentifier_Lock_LockingClient,6257,Variable
NetworkType_CPIdentifier_Lock_LockingUser,6258,Variable
NetworkType_CPIdentifier_Lock_RemainingLockTime,6259,Variable
NetworkType_CPIdentifier_Lock_InitLock,6260,Method
NetworkType_CPIdentifier_Lock_InitLock_InputArguments,6261,Variable
NetworkType_CPIdentifier_Lock_InitLock_OutputArguments,6262,Variable
NetworkType_CPIdentifier_Lock_RenewLock,6263,Method
NetworkType_CPIdentifier_Lock_RenewLock_OutputArguments,6264,Variable
NetworkType_CPIdentifier_Lock_ExitLock,6265,Method
NetworkType_CPIdentifier_Lock_ExitLock_OutputArguments,6266,Variable
NetworkType_CPIdentifier_Lock_BreakLock,6267,Method
NetworkType_CPIdentifier_Lock_BreakLock_OutputArguments,6268,Variable
NetworkType_CPIdentifier_NetworkAddress,6292,Object
NetworkType_CPIdentifier_NetworkAddress_UIElement,6293,Variable
NetworkType_Lock,6294,Object
NetworkType_Lock_LockingClient,6296,Variable
NetworkType_Lock_LockingUser,6297,Variable
NetworkType_Lock_RemainingLockTime,6298,Variable
NetworkType_Lock_InitLock,6299,Method
NetworkType_Lock_InitLock_InputArguments,6300,Variable
NetworkType_Lock_InitLock_OutputArguments,6301,Variable
NetworkType_Lock_RenewLock,6302,Method
NetworkType_Lock_RenewLock_OutputArguments,6303,Variable
NetworkType_Lock_ExitLock,6304,Method
NetworkType_Lock_ExitLock_OutputArguments,6305,Variable
NetworkType_Lock_BreakLock,6306,Method
NetworkType_Lock_BreakLock_OutputArguments,6307,Variable
ConnectionPointType,6308,ObjectType
ConnectionPointType_ParameterSet,6309,Object
ConnectionPointType_ParameterSet_ParameterIdentifier,6310,Variable
ConnectionPointType_MethodSet,6311,Object
ConnectionPointType_MethodSet_MethodIdentifier,6312,Method
ConnectionPointType_Identification,6315,Object
ConnectionPointType_Identification_UIElement,6316,Variable
ConnectionPointType_Lock,6317,Object
ConnectionPointType_Lock_LockingClient,6319,Variable
ConnectionPointType_Lock_LockingUser,6320,Variable
ConnectionPointType_Lock_RemainingLockTime,6321,Variable
ConnectionPointType_Lock_InitLock,6322,Method
ConnectionPointType_Lock_InitLock_InputArguments,6323,Variable
ConnectionPointType_Lock_InitLock_OutputArguments,6324,Variable
ConnectionPointType_Lock_RenewLock,6325,Method
ConnectionPointType_Lock_RenewLock_OutputArguments,6326,Variable
ConnectionPointType_Lock_ExitLock,6327,Method
ConnectionPointType_Lock_ExitLock_OutputArguments,6328,Variable
ConnectionPointType_Lock_BreakLock,6329,Method
ConnectionPointType_Lock_BreakLock_OutputArguments,6330,Variable
ConnectionPointType_NetworkAddress,6354,Object
ConnectionPointType_NetworkAddress_UIElement,6355,Variable
MaxInactiveLockTime,6387,Variable
LockingServicesType,6388,ObjectType
LockingServicesType_LockingClient,6390,Variable
LockingServicesType_LockingUser,6391,Variable
LockingServicesType_RemainingLockTime,6392,Variable
LockingServicesType_InitLock,6393,Method
LockingServicesType_InitLock_InputArguments,6394,Variable
LockingServicesType_InitLock_OutputArguments,6395,Variable
LockingServicesType_RenewLock,6396,Method
LockingServicesType_RenewLock_OutputArguments,6397,Variable
LockingServicesType_ExitLock,6398,Method
LockingServicesType_ExitLock_OutputArguments,6399,Variable
LockingServicesType_BreakLock,6400,Method
LockingServicesType_BreakLock_OutputArguments,6401,Variable
OpcUaDi_XmlSchema,6423,Variable
OpcUaDi_XmlSchema_DataTypeVersion,6424,Variable
OpcUaDi_XmlSchema_NamespaceUri,6425,Variable
OpcUaDi_BinarySchema,6435,Variable
OpcUaDi_BinarySchema_DataTypeVersion,6436,Variable
OpcUaDi_BinarySchema_NamespaceUri,6437,Variable
DeviceHealthEnumeration_EnumStrings,6450,Variable
InitLockMethodType,6458,Method
InitLockMethodType_InputArguments,6459,Variable
InitLockMethodType_OutputArguments,6460,Variable
RenewLockMethodType,6461,Method
RenewLockMethodType_OutputArguments,6462,Variable
ExitLockMethodType,6463,Method
ExitLockMethodType_OutputArguments,6464,Variable
BreakLockMethodType,6465,Method
BreakLockMethodType_OutputArguments,6466,Variable
ConnectsToParent,6467,ReferenceType
TopologyElementType_Lock_Locked,6468,Variable
DeviceType_Lock_Locked,6469,Variable
DeviceType_DeviceClass,6470,Variable
BlockType_Lock_Locked,6494,Variable
NetworkType_CPIdentifier_Lock_Locked,6496,Variable
NetworkType_Lock_Locked,6497,Variable
ConnectionPointType_Lock_Locked,6498,Variable
ConnectionPointType_ProfileIdentifier,6499,Object
TransferToDeviceMethodType,6515,Method
TransferToDeviceMethodType_OutputArguments,6516,Variable
TransferFromDeviceMethodType,6517,Method
TransferFromDeviceMethodType_OutputArguments,6518,Variable
FetchTransferResultDataMethodType,6519,Method
FetchTransferResultDataMethodType_InputArguments,6520,Variable
FetchTransferResultDataMethodType_OutputArguments,6521,Variable
FetchResultDataType,6522,DataType
ParameterResultDataType,6525,DataType
TransferServicesType,6526,ObjectType
TransferServicesType_TransferToDevice,6527,Method
TransferServicesType_TransferToDevice_OutputArguments,6528,Variable
TransferServicesType_TransferFromDevice,6529,Method
TransferServicesType_TransferFromDevice_OutputArguments,6530,Variable
TransferServicesType_FetchTransferResultData,6531,Method
TransferServicesType_FetchTransferResultData_InputArguments,6532,Variable
TransferServicesType_FetchTransferResultData_OutputArguments,6533,Variable
LockingServicesType_Locked,6534,Variable
FetchResultDataType_Encoding_DefaultXml,6535,Object
ParameterResultDataType_Encoding_DefaultXml,6538,Object
OpcUaDi_XmlSchema_FetchResultDataType,6539,Variable
OpcUaDi_XmlSchema_FetchResultDataType_DataTypeVersion,6540,Variable
OpcUaDi_XmlSchema_FetchResultDataType_DictionaryFragment,6541,Variable
OpcUaDi_XmlSchema_ParameterResultDataType,6548,Variable
OpcUaDi_XmlSchema_ParameterResultDataType_DataTypeVersion,6549,Variable
OpcUaDi_XmlSchema_ParameterResultDataType_DictionaryFragment,6550,Variable
FetchResultDataType_Encoding_DefaultBinary,6551,Object
ParameterResultDataType_Encoding_DefaultBinary,6554,Object
OpcUaDi_BinarySchema_FetchResultDataType,6555,Variable
OpcUaDi_BinarySchema_FetchResultDataType_DataTypeVersion,6556,Variable
OpcUaDi_BinarySchema_FetchResultDataType_DictionaryFragment,6557,Variable
OpcUaDi_BinarySchema_ParameterResultDataType,6564,Variable
OpcUaDi_BinarySchema_ParameterResultDataType_DataTypeVersion,6565,Variable
OpcUaDi_BinarySchema_ParameterResultDataType_DictionaryFragment,6566,Variable
TopologyElementType_GroupIdentifier,6567,Object
TopologyElementType_GroupIdentifier_UIElement,6568,Variable
DeviceType_GroupIdentifier,6569,Object
DeviceType_GroupIdentifier_UIElement,6570,Variable
DeviceType_CPIdentifier,6571,Object
DeviceType_CPIdentifier_ParameterSet,6572,Object
DeviceType_CPIdentifier_ParameterSet_ParameterIdentifier,6573,Variable
DeviceType_CPIdentifier_MethodSet,6574,Object
DeviceType_CPIdentifier_MethodSet_MethodIdentifier,6575,Method
DeviceType_CPIdentifier_Identification,6576,Object
DeviceType_CPIdentifier_Identification_UIElement,6577,Variable
DeviceType_CPIdentifier_Lock,6578,Object
DeviceType_CPIdentifier_Lock_Locked,6579,Variable
DeviceType_CPIdentifier_Lock_LockingClient,6580,Variable
DeviceType_CPIdentifier_Lock_LockingUser,6581,Variable
DeviceType_CPIdentifier_Lock_RemainingLockTime,6582,Variable
DeviceType_CPIdentifier_Lock_InitLock,6583,Method
DeviceType_CPIdentifier_Lock_InitLock_InputArguments,6584,Variable
DeviceType_CPIdentifier_Lock_InitLock_OutputArguments,6585,Variable
DeviceType_CPIdentifier_Lock_RenewLock,6586,Method
DeviceType_CPIdentifier_Lock_RenewLock_OutputArguments,6587,Variable
DeviceType_CPIdentifier_Lock_ExitLock,6588,Method
DeviceType_CPIdentifier_Lock_ExitLock_OutputArguments,6589,Variable
DeviceType_CPIdentifier_Lock_BreakLock,6590,Method
DeviceType_CPIdentifier_Lock_BreakLock_OutputArguments,6591,Variable
DeviceType_CPIdentifier_NetworkAddress,6592,Object
DeviceType_CPIdentifier_NetworkAddress_UIElement,6593,Variable
BlockType_GroupIdentifier,6594,Object
BlockType_GroupIdentifier_UIElement,6595,Variable
NetworkType_ProfileIdentifier,6596,Object
ConnectionPointType_GroupIdentifier,6597,Object
ConnectionPointType_GroupIdentifier_UIElement,6598,Variable
ConnectionPointType_NetworkIdentifier,6599,Object
ConnectionPointType_NetworkIdentifier_Lock,6600,Object
ConnectionPointType_NetworkIdentifier_Lock_Locked,6601,Variable
ConnectionPointType_NetworkIdentifier_Lock_LockingClient,6602,Variable
ConnectionPointType_NetworkIdentifier_Lock_LockingUser,6603,Variable
ConnectionPointType_NetworkIdentifier_Lock_RemainingLockTime,6604,Variable
ConnectionPointType_NetworkIdentifier_Lock_InitLock,6605,Method
ConnectionPointType_NetworkIdentifier_Lock_InitLock_InputArguments,6606,Variable
ConnectionPointType_NetworkIdentifier_Lock_InitLock_OutputArguments,6607,Variable
ConnectionPointType_NetworkIdentifier_Lock_RenewLock,6608,Method
ConnectionPointType_NetworkIdentifier_Lock_RenewLock_OutputArguments,6609,Variable
ConnectionPointType_NetworkIdentifier_Lock_ExitLock,6610,Method
ConnectionPointType_NetworkIdentifier_Lock_ExitLock_OutputArguments,6611,Variable
ConnectionPointType_NetworkIdentifier_Lock_BreakLock,6612,Method
ConnectionPointType_NetworkIdentifier_Lock_BreakLock_OutputArguments,6613,Variable
OPCUADINamespaceMetadata,15001,Object
OPCUADINamespaceMetadata_NamespaceUri,15002,Variable
OPCUADINamespaceMetadata_NamespaceVersion,15003,Variable
OPCUADINamespaceMetadata_NamespacePublicationDate,15004,Variable
OPCUADINamespaceMetadata_IsNamespaceSubset,15005,Variable
OPCUADINamespaceMetadata_StaticNodeIdTypes,15006,Variable
OPCUADINamespaceMetadata_StaticNumericNodeIdRange,15007,Variable
OPCUADINamespaceMetadata_StaticStringNodeIdPattern,15008,Variable
OPCUADINamespaceMetadata_NamespaceFile,15009,Object
OPCUADINamespaceMetadata_NamespaceFile_Size,15010,Variable
OPCUADINamespaceMetadata_NamespaceFile_Writable,15011,Variable
OPCUADINamespaceMetadata_NamespaceFile_UserWritable,15012,Variable
OPCUADINamespaceMetadata_NamespaceFile_OpenCount,15013,Variable
OPCUADINamespaceMetadata_NamespaceFile_MimeType,15014,Variable
OPCUADINamespaceMetadata_NamespaceFile_Open,15015,Method
OPCUADINamespaceMetadata_NamespaceFile_Open_InputArguments,15016,Variable
OPCUADINamespaceMetadata_NamespaceFile_Open_OutputArguments,15017,Variable
OPCUADINamespaceMetadata_NamespaceFile_Close,15018,Method
OPCUADINamespaceMetadata_NamespaceFile_Close_InputArguments,15019,Variable
OPCUADINamespaceMetadata_NamespaceFile_Read,15020,Method
OPCUADINamespaceMetadata_NamespaceFile_Read_InputArguments,15021,Variable
OPCUADINamespaceMetadata_NamespaceFile_Read_OutputArguments,15022,Variable
OPCUADINamespaceMetadata_NamespaceFile_Write,15023,Method
OPCUADINamespaceMetadata_NamespaceFile_Write_InputArguments,15024,Variable
OPCUADINamespaceMetadata_NamespaceFile_GetPosition,15025,Method
OPCUADINamespaceMetadata_NamespaceFile_GetPosition_InputArguments,15026,Variable
OPCUADINamespaceMetadata_NamespaceFile_GetPosition_OutputArguments,15027,Variable
OPCUADINamespaceMetadata_NamespaceFile_SetPosition,15028,Method
OPCUADINamespaceMetadata_NamespaceFile_SetPosition_InputArguments,15029,Variable
OPCUADINamespaceMetadata_NamespaceFile_ExportNamespace,15030,Method
OPCUADINamespaceMetadata_DefaultRolePermissions,15031,Variable
OPCUADINamespaceMetadata_DefaultUserRolePermissions,15032,Variable
OPCUADINamespaceMetadata_DefaultAccessRestrictions,15033,Variable
DeviceFeatures,15034,Object
IVendorNameplateType,15035,ObjectType
IVendorNameplateType_Manufacturer,15036,Variable
IVendorNameplateType_ManufacturerUri,15037,Variable
IVendorNameplateType_Model,15038,Variable
IVendorNameplateType_HardwareRevision,15039,Variable
IVendorNameplateType_SoftwareRevision,15040,Variable
IVendorNameplateType_DeviceRevision,15041,Variable
IVendorNameplateType_ProductCode,15042,Variable
IVendorNameplateType_DeviceManual,15043,Variable
IVendorNameplateType_DeviceClass,15044,Variable
IVendorNameplateType_SerialNumber,15045,Variable
IVendorNameplateType_ProductInstanceUri,15046,Variable
IVendorNameplateType_RevisionCounter,15047,Variable
ITagNameplateType,15048,ObjectType
ITagNameplateType_AssetId,15049,Variable
ITagNameplateType_ComponentName,15050,Variable
IDeviceHealthType,15051,ObjectType
IDeviceHealthType_DeviceHealth,15052,Variable
IDeviceHealthType_DeviceHealthAlarms,15053,Object
ISupportInfoType,15054,ObjectType
ISupportInfoType_DeviceTypeImage,15055,Object
ISupportInfoType_DeviceTypeImage_ImageIdentifier,15056,Variable
ISupportInfoType_Documentation,15057,Object
ISupportInfoType_Documentation_DocumentIdentifier,15058,Variable
ISupportInfoType_ProtocolSupport,15059,Object
ISupportInfoType_ProtocolSupport_ProtocolSupportIdentifier,15060,Variable
ISupportInfoType_ImageSet,15061,Object
ISupportInfoType_ImageSet_ImageIdentifier,15062,Variable
ComponentType,15063,ObjectType
ComponentType_ParameterSet,15064,Object
ComponentType_ParameterSet_ParameterIdentifier,15065,Variable
ComponentType_MethodSet,15066,Object
ComponentType_MethodSet_MethodIdentifier,15067,Method
ComponentType_GroupIdentifier,15068,Object
ComponentType_GroupIdentifier_UIElement,15069,Variable
ComponentType_Identification,15070,Object
ComponentType_Identification_UIElement,15071,Variable
ComponentType_Lock,15072,Object
ComponentType_Lock_Locked,15073,Variable
ComponentType_Lock_LockingClient,15074,Variable
ComponentType_Lock_LockingUser,15075,Variable
ComponentType_Lock_RemainingLockTime,15076,Variable
ComponentType_Lock_InitLock,15077,Method
ComponentType_Lock_InitLock_InputArguments,15078,Variable
ComponentType_Lock_InitLock_OutputArguments,15079,Variable
ComponentType_Lock_RenewLock,15080,Method
ComponentType_Lock_RenewLock_OutputArguments,15081,Variable
ComponentType_Lock_ExitLock,15082,Method
ComponentType_Lock_ExitLock_OutputArguments,15083,Variable
ComponentType_Lock_BreakLock,15084,Method
ComponentType_Lock_BreakLock_OutputArguments,15085,Variable
ComponentType_Manufacturer,15086,Variable
ComponentType_ManufacturerUri,15087,Variable
ComponentType_Model,15088,Variable
ComponentType_HardwareRevision,15089,Variable
ComponentType_SoftwareRevision,15090,Variable
ComponentType_DeviceRevision,15091,Variable
ComponentType_ProductCode,15092,Variable
ComponentType_DeviceManual,15093,Variable
ComponentType_DeviceClass,15094,Variable
ComponentType_SerialNumber,15095,Variable
ComponentType_ProductInstanceUri,15096,Variable
ComponentType_RevisionCounter,15097,Variable
ComponentType_AssetId,15098,Variable
ComponentType_ComponentName,15099,Variable
DeviceType_ManufacturerUri,15100,Variable
DeviceType_ProductCode,15101,Variable
DeviceType_ProductInstanceUri,15102,Variable
DeviceType_AssetId,15103,Variable
DeviceType_ComponentName,15104,Variable
DeviceType_DeviceHealthAlarms,15105,Object
SoftwareType,15106,ObjectType
SoftwareType_ParameterSet,15107,Object
SoftwareType_ParameterSet_ParameterIdentifier,15108,Variable
SoftwareType_MethodSet,15109,Object
SoftwareType_MethodSet_MethodIdentifier,15110,Method
SoftwareType_GroupIdentifier,15111,Object
SoftwareType_GroupIdentifier_UIElement,15112,Variable
SoftwareType_Identification,15113,Object
SoftwareType_Identification_UIElement,15114,Variable
SoftwareType_Lock,15115,Object
SoftwareType_Lock_Locked,15116,Variable
SoftwareType_Lock_LockingClient,15117,Variable
SoftwareType_Lock_LockingUser,15118,Variable
SoftwareType_Lock_RemainingLockTime,15119,Variable
SoftwareType_Lock_InitLock,15120,Method
SoftwareType_Lock_InitLock_InputArguments,15121,Variable
SoftwareType_Lock_InitLock_OutputArguments,15122,Variable
SoftwareType_Lock_RenewLock,15123,Method
SoftwareType_Lock_RenewLock_OutputArguments,15124,Variable
SoftwareType_Lock_ExitLock,15125,Method
SoftwareType_Lock_ExitLock_OutputArguments,15126,Variable
SoftwareType_Lock_BreakLock,15127,Method
SoftwareType_Lock_BreakLock_OutputArguments,15128,Variable
SoftwareType_Manufacturer,15129,Variable
SoftwareType_ManufacturerUri,15130,Variable
SoftwareType_Model,15131,Variable
SoftwareType_HardwareRevision,15132,Variable
SoftwareType_SoftwareRevision,15133,Variable
SoftwareType_DeviceRevision,15134,Variable
SoftwareType_ProductCode,15135,Variable
SoftwareType_DeviceManual,15136,Variable
SoftwareType_DeviceClass,15137,Variable
SoftwareType_SerialNumber,15138,Variable
SoftwareType_ProductInstanceUri,15139,Variable
SoftwareType_RevisionCounter,15140,Variable
SoftwareType_AssetId,15141,Variable
SoftwareType_ComponentName,15142,Variable
DeviceHealthDiagnosticAlarmType,15143,ObjectType
DeviceHealthDiagnosticAlarmType_EventId,15144,Variable
DeviceHealthDiagnosticAlarmType_EventType,15145,Variable
DeviceHealthDiagnosticAlarmType_SourceNode,15146,Variable
DeviceHealthDiagnosticAlarmType_SourceName,15147,Variable
DeviceHealthDiagnosticAlarmType_Time,15148,Variable
DeviceHealthDiagnosticAlarmType_ReceiveTime,15149,Variable
DeviceHealthDiagnosticAlarmType_LocalTime,15150,Variable
DeviceHealthDiagnosticAlarmType_Message,15151,Variable
DeviceHealthDiagnosticAlarmType_Severity,15152,Variable
DeviceHealthDiagnosticAlarmType_ConditionClassId,15153,Variable
DeviceHealthDiagnosticAlarmType_ConditionClassName,15154,Variable
DeviceHealthDiagnosticAlarmType_ConditionSubClassId,15155,Variable
DeviceHealthDiagnosticAlarmType_ConditionSubClassName,15156,Variable
DeviceHealthDiagnosticAlarmType_ConditionName,15157,Variable
DeviceHealthDiagnosticAlarmType_BranchId,15158,Variable
DeviceHealthDiagnosticAlarmType_Retain,15159,Variable
DeviceHealthDiagnosticAlarmType_EnabledState,15160,Variable
DeviceHealthDiagnosticAlarmType_EnabledState_Id,15161,Variable
DeviceHealthDiagnosticAlarmType_EnabledState_Name,15162,Variable
DeviceHealthDiagnosticAlarmType_EnabledState_Number,15163,Variable
DeviceHealthDiagnosticAlarmType_EnabledState_EffectiveDisplayName,15164,Variable
DeviceHealthDiagnosticAlarmType_EnabledState_TransitionTime,15165,Variable
DeviceHealthDiagnosticAlarmType_EnabledState_EffectiveTransitionTime,15166,Variable
DeviceHealthDiagnosticAlarmType_EnabledState_TrueState,15167,Variable
DeviceHealthDiagnosticAlarmType_EnabledState_FalseState,15168,Variable
DeviceHealthDiagnosticAlarmType_Quality,15169,Variable
DeviceHealthDiagnosticAlarmType_Quality_SourceTimestamp,15170,Variable
DeviceHealthDiagnosticAlarmType_LastSeverity,15171,Variable
DeviceHealthDiagnosticAlarmType_LastSeverity_SourceTimestamp,15172,Variable
DeviceHealthDiagnosticAlarmType_Comment,15173,Variable
DeviceHealthDiagnosticAlarmType_Comment_SourceTimestamp,15174,Variable
DeviceHealthDiagnosticAlarmType_ClientUserId,15175,Variable
DeviceHealthDiagnosticAlarmType_Disable,15176,Method
DeviceHealthDiagnosticAlarmType_Enable,15177,Method
DeviceHealthDiagnosticAlarmType_AddComment,15178,Method
DeviceHealthDiagnosticAlarmType_AddComment_InputArguments,15179,Variable
DeviceHealthDiagnosticAlarmType_ConditionRefresh,15180,Method
DeviceHealthDiagnosticAlarmType_ConditionRefresh_InputArguments,15181,Variable
DeviceHealthDiagnosticAlarmType_ConditionRefresh2,15182,Method
DeviceHealthDiagnosticAlarmType_ConditionRefresh2_InputArguments,15183,Variable
DeviceHealthDiagnosticAlarmType_AckedState,15184,Variable
DeviceHealthDiagnosticAlarmType_AckedState_Id,15185,Variable
DeviceHealthDiagnosticAlarmType_AckedState_Name,15186,Variable
DeviceHealthDiagnosticAlarmType_AckedState_Number,15187,Variable
DeviceHealthDiagnosticAlarmType_AckedState_EffectiveDisplayName,15188,Variable
DeviceHealthDiagnosticAlarmType_AckedState_TransitionTime,15189,Variable
DeviceHealthDiagnosticAlarmType_AckedState_EffectiveTransitionTime,15190,Variable
DeviceHealthDiagnosticAlarmType_AckedState_TrueState,15191,Variable
DeviceHealthDiagnosticAlarmType_AckedState_FalseState,15192,Variable
DeviceHealthDiagnosticAlarmType_ConfirmedState,15193,Variable
DeviceHealthDiagnosticAlarmType_ConfirmedState_Id,15194,Variable
DeviceHealthDiagnosticAlarmType_ConfirmedState_Name,15195,Variable
DeviceHealthDiagnosticAlarmType_ConfirmedState_Number,15196,Variable
DeviceHealthDiagnosticAlarmType_ConfirmedState_EffectiveDisplayName,15197,Variable
DeviceHealthDiagnosticAlarmType_ConfirmedState_TransitionTime,15198,Variable
DeviceHealthDiagnosticAlarmType_ConfirmedState_EffectiveTransitionTime,15199,Variable
DeviceHealthDiagnosticAlarmType_ConfirmedState_TrueState,15200,Variable
DeviceHealthDiagnosticAlarmType_ConfirmedState_FalseState,15201,Variable
DeviceHealthDiagnosticAlarmType_Acknowledge,15202,Method
DeviceHealthDiagnosticAlarmType_Acknowledge_InputArguments,15203,Variable
DeviceHealthDiagnosticAlarmType_Confirm,15204,Method
DeviceHealthDiagnosticAlarmType_Confirm_InputArguments,15205,Variable
DeviceHealthDiagnosticAlarmType_ActiveState,15206,Variable
DeviceHealthDiagnosticAlarmType_ActiveState_Id,15207,Variable
DeviceHealthDiagnosticAlarmType_ActiveState_Name,15208,Variable
DeviceHealthDiagnosticAlarmType_ActiveState_Number,15209,Variable
DeviceHealthDiagnosticAlarmType_ActiveState_EffectiveDisplayName,15210,Variable
DeviceHealthDiagnosticAlarmType_ActiveState_TransitionTime,15211,Variable
DeviceHealthDiagnosticAlarmType_ActiveState_EffectiveTransitionTime,15212,Variable
DeviceHealthDiagnosticAlarmType_ActiveState_TrueState,15213,Variable
DeviceHealthDiagnosticAlarmType_ActiveState_FalseState,15214,Variable
DeviceHealthDiagnosticAlarmType_InputNode,15215,Variable
DeviceHealthDiagnosticAlarmType_SuppressedState,15216,Variable
DeviceHealthDiagnosticAlarmType_SuppressedState_Id,15217,Variable
DeviceHealthDiagnosticAlarmType_SuppressedState_Name,15218,Variable
DeviceHealthDiagnosticAlarmType_SuppressedState_Number,15219,Variable
DeviceHealthDiagnosticAlarmType_SuppressedState_EffectiveDisplayName,15220,Variable
DeviceHealthDiagnosticAlarmType_SuppressedState_TransitionTime,15221,Variable
DeviceHealthDiagnosticAlarmType_SuppressedState_EffectiveTransitionTime,15222,Variable
DeviceHealthDiagnosticAlarmType_SuppressedState_TrueState,15223,Variable
DeviceHealthDiagnosticAlarmType_SuppressedState_FalseState,15224,Variable
DeviceHealthDiagnosticAlarmType_OutOfServiceState,15225,Variable
DeviceHealthDiagnosticAlarmType_OutOfServiceState_Id,15226,Variable
DeviceHealthDiagnosticAlarmType_OutOfServiceState_Name,15227,Variable
DeviceHealthDiagnosticAlarmType_OutOfServiceState_Number,15228,Variable
DeviceHealthDiagnosticAlarmType_OutOfServiceState_EffectiveDisplayName,15229,Variable
DeviceHealthDiagnosticAlarmType_OutOfServiceState_TransitionTime,15230,Variable
DeviceHealthDiagnosticAlarmType_OutOfServiceState_EffectiveTransitionTime,15231,Variable
DeviceHealthDiagnosticAlarmType_OutOfServiceState_TrueState,15232,Variable
DeviceHealthDiagnosticAlarmType_OutOfServiceState_FalseState,15233,Variable
DeviceHealthDiagnosticAlarmType_ShelvingState,15234,Object
DeviceHealthDiagnosticAlarmType_ShelvingState_CurrentState,15235,Variable
DeviceHealthDiagnosticAlarmType_ShelvingState_CurrentState_Id,15236,Variable
DeviceHealthDiagnosticAlarmType_ShelvingState_CurrentState_Name,15237,Variable
DeviceHealthDiagnosticAlarmType_ShelvingState_CurrentState_Number,15238,Variable
DeviceHealthDiagnosticAlarmType_ShelvingState_CurrentState_EffectiveDisplayName,15239,Variable
DeviceHealthDiagnosticAlarmType_ShelvingState_LastTransition,15240,Variable
DeviceHealthDiagnosticAlarmType_ShelvingState_LastTransition_Id,15241,Variable
DeviceHealthDiagnosticAlarmType_ShelvingState_LastTransition_Name,15242,Variable
DeviceHealthDiagnosticAlarmType_ShelvingState_LastTransition_Number,15243,Variable
DeviceHealthDiagnosticAlarmType_ShelvingState_LastTransition_TransitionTime,15244,Variable
DeviceHealthDiagnosticAlarmType_ShelvingState_LastTransition_EffectiveTransitionTime,15245,Variable
DeviceHealthDiagnosticAlarmType_ShelvingState_AvailableStates,15246,Variable
DeviceHealthDiagnosticAlarmType_ShelvingState_AvailableTransitions,15247,Variable
DeviceHealthDiagnosticAlarmType_ShelvingState_UnshelveTime,15248,Variable
DeviceHealthDiagnosticAlarmType_ShelvingState_TimedShelve,15249,Method
DeviceHealthDiagnosticAlarmType_ShelvingState_TimedShelve_InputArguments,15250,Variable
DeviceHealthDiagnosticAlarmType_ShelvingState_Unshelve,15251,Method
DeviceHealthDiagnosticAlarmType_ShelvingState_OneShotShelve,15252,Method
DeviceHealthDiagnosticAlarmType_SuppressedOrShelved,15253,Variable
DeviceHealthDiagnosticAlarmType_MaxTimeShelved,15254,Variable
DeviceHealthDiagnosticAlarmType_AudibleEnabled,15255,Variable
DeviceHealthDiagnosticAlarmType_AudibleSound,15256,Variable
DeviceHealthDiagnosticAlarmType_AudibleSound_ListId,15257,Variable
DeviceHealthDiagnosticAlarmType_AudibleSound_AgencyId,15258,Variable
DeviceHealthDiagnosticAlarmType_AudibleSound_VersionId,15259,Variable
DeviceHealthDiagnosticAlarmType_SilenceState,15260,Variable
DeviceHealthDiagnosticAlarmType_SilenceState_Id,15261,Variable
DeviceHealthDiagnosticAlarmType_SilenceState_Name,15262,Variable
DeviceHealthDiagnosticAlarmType_SilenceState_Number,15263,Variable
DeviceHealthDiagnosticAlarmType_SilenceState_EffectiveDisplayName,15264,Variable
DeviceHealthDiagnosticAlarmType_SilenceState_TransitionTime,15265,Variable
DeviceHealthDiagnosticAlarmType_SilenceState_EffectiveTransitionTime,15266,Variable
DeviceHealthDiagnosticAlarmType_SilenceState_TrueState,15267,Variable
DeviceHealthDiagnosticAlarmType_SilenceState_FalseState,15268,Variable
DeviceHealthDiagnosticAlarmType_OnDelay,15269,Variable
DeviceHealthDiagnosticAlarmType_OffDelay,15270,Variable
DeviceHealthDiagnosticAlarmType_FirstInGroupFlag,15271,Variable
DeviceHealthDiagnosticAlarmType_FirstInGroup,15272,Object
DeviceHealthDiagnosticAlarmType_LatchedState,15273,Variable
DeviceHealthDiagnosticAlarmType_LatchedState_Id,15274,Variable
DeviceHealthDiagnosticAlarmType_LatchedState_Name,15275,Variable
DeviceHealthDiagnosticAlarmType_LatchedState_Number,15276,Variable
DeviceHealthDiagnosticAlarmType_LatchedState_EffectiveDisplayName,15277,Variable
DeviceHealthDiagnosticAlarmType_LatchedState_TransitionTime,15278,Variable
DeviceHealthDiagnosticAlarmType_LatchedState_EffectiveTransitionTime,15279,Variable
DeviceHealthDiagnosticAlarmType_LatchedState_TrueState,15280,Variable
DeviceHealthDiagnosticAlarmType_LatchedState_FalseState,15281,Variable
DeviceHealthDiagnosticAlarmType_AlarmGroup_Placeholder,15282,Object
DeviceHealthDiagnosticAlarmType_ReAlarmTime,15283,Variable
DeviceHealthDiagnosticAlarmType_ReAlarmRepeatCount,15284,Variable
DeviceHealthDiagnosticAlarmType_Silence,15285,Method
DeviceHealthDiagnosticAlarmType_Suppress,15286,Method
DeviceHealthDiagnosticAlarmType_Unsuppress,15287,Method
DeviceHealthDiagnosticAlarmType_RemoveFromService,15288,Method
DeviceHealthDiagnosticAlarmType_PlaceInService,15289,Method
DeviceHealthDiagnosticAlarmType_Reset,15290,Method
DeviceHealthDiagnosticAlarmType_NormalState,15291,Variable
FailureAlarmType,15292,ObjectType
FailureAlarmType_EventId,15293,Variable
FailureAlarmType_EventType,15294,Variable
FailureAlarmType_SourceNode,15295,Variable
FailureAlarmType_SourceName,15296,Variable
FailureAlarmType_Time,15297,Variable
FailureAlarmType_ReceiveTime,15298,Variable
FailureAlarmType_LocalTime,15299,Variable
FailureAlarmType_Message,15300,Variable
FailureAlarmType_Severity,15301,Variable
FailureAlarmType_ConditionClassId,15302,Variable
FailureAlarmType_ConditionClassName,15303,Variable
FailureAlarmType_ConditionSubClassId,15304,Variable
FailureAlarmType_ConditionSubClassName,15305,Variable
FailureAlarmType_ConditionName,15306,Variable
FailureAlarmType_BranchId,15307,Variable
FailureAlarmType_Retain,15308,Variable
FailureAlarmType_EnabledState,15309,Variable
FailureAlarmType_EnabledState_Id,15310,Variable
FailureAlarmType_EnabledState_Name,15311,Variable
FailureAlarmType_EnabledState_Number,15312,Variable
FailureAlarmType_EnabledState_EffectiveDisplayName,15313,Variable
FailureAlarmType_EnabledState_TransitionTime,15314,Variable
FailureAlarmType_EnabledState_EffectiveTransitionTime,15315,Variable
FailureAlarmType_EnabledState_TrueState,15316,Variable
FailureAlarmType_EnabledState_FalseState,15317,Variable
FailureAlarmType_Quality,15318,Variable
FailureAlarmType_Quality_SourceTimestamp,15319,Variable
FailureAlarmType_LastSeverity,15320,Variable
FailureAlarmType_LastSeverity_SourceTimestamp,15321,Variable
FailureAlarmType_Comment,15322,Variable
FailureAlarmType_Comment_SourceTimestamp,15323,Variable
FailureAlarmType_ClientUserId,15324,Variable
FailureAlarmType_Disable,15325,Method
FailureAlarmType_Enable,15326,Method
FailureAlarmType_AddComment,15327,Method
FailureAlarmType_AddComment_InputArguments,15328,Variable
FailureAlarmType_ConditionRefresh,15329,Method
FailureAlarmType_ConditionRefresh_InputArguments,15330,Variable
FailureAlarmType_ConditionRefresh2,15331,Method
FailureAlarmType_ConditionRefresh2_InputArguments,15332,Variable
FailureAlarmType_AckedState,15333,Variable
FailureAlarmType_AckedState_Id,15334,Variable
FailureAlarmType_AckedState_Name,15335,Variable
FailureAlarmType_AckedState_Number,15336,Variable
FailureAlarmType_AckedState_EffectiveDisplayName,15337,Variable
FailureAlarmType_AckedState_TransitionTime,15338,Variable
FailureAlarmType_AckedState_EffectiveTransitionTime,15339,Variable
FailureAlarmType_AckedState_TrueState,15340,Variable
FailureAlarmType_AckedState_FalseState,15341,Variable
FailureAlarmType_ConfirmedState,15342,Variable
FailureAlarmType_ConfirmedState_Id,15343,Variable
FailureAlarmType_ConfirmedState_Name,15344,Variable
FailureAlarmType_ConfirmedState_Number,15345,Variable
FailureAlarmType_ConfirmedState_EffectiveDisplayName,15346,Variable
FailureAlarmType_ConfirmedState_TransitionTime,15347,Variable
FailureAlarmType_ConfirmedState_EffectiveTransitionTime,15348,Variable
FailureAlarmType_ConfirmedState_TrueState,15349,Variable
FailureAlarmType_ConfirmedState_FalseState,15350,Variable
FailureAlarmType_Acknowledge,15351,Method
FailureAlarmType_Acknowledge_InputArguments,15352,Variable
FailureAlarmType_Confirm,15353,Method
FailureAlarmType_Confirm_InputArguments,15354,Variable
FailureAlarmType_ActiveState,15355,Variable
FailureAlarmType_ActiveState_Id,15356,Variable
FailureAlarmType_ActiveState_Name,15357,Variable
FailureAlarmType_ActiveState_Number,15358,Variable
FailureAlarmType_ActiveState_EffectiveDisplayName,15359,Variable
FailureAlarmType_ActiveState_TransitionTime,15360,Variable
FailureAlarmType_ActiveState_EffectiveTransitionTime,15361,Variable
FailureAlarmType_ActiveState_TrueState,15362,Variable
FailureAlarmType_ActiveState_FalseState,15363,Variable
FailureAlarmType_InputNode,15364,Variable
FailureAlarmType_SuppressedState,15365,Variable
FailureAlarmType_SuppressedState_Id,15366,Variable
FailureAlarmType_SuppressedState_Name,15367,Variable
FailureAlarmType_SuppressedState_Number,15368,Variable
FailureAlarmType_SuppressedState_EffectiveDisplayName,15369,Variable
FailureAlarmType_SuppressedState_TransitionTime,15370,Variable
FailureAlarmType_SuppressedState_EffectiveTransitionTime,15371,Variable
FailureAlarmType_SuppressedState_TrueState,15372,Variable
FailureAlarmType_SuppressedState_FalseState,15373,Variable
FailureAlarmType_OutOfServiceState,15374,Variable
FailureAlarmType_OutOfServiceState_Id,15375,Variable
FailureAlarmType_OutOfServiceState_Name,15376,Variable
FailureAlarmType_OutOfServiceState_Number,15377,Variable
FailureAlarmType_OutOfServiceState_EffectiveDisplayName,15378,Variable
FailureAlarmType_OutOfServiceState_TransitionTime,15379,Variable
FailureAlarmType_OutOfServiceState_EffectiveTransitionTime,15380,Variable
FailureAlarmType_OutOfServiceState_TrueState,15381,Variable
FailureAlarmType_OutOfServiceState_FalseState,15382,Variable
FailureAlarmType_ShelvingState,15383,Object
FailureAlarmType_ShelvingState_CurrentState,15384,Variable
FailureAlarmType_ShelvingState_CurrentState_Id,15385,Variable
FailureAlarmType_ShelvingState_CurrentState_Name,15386,Variable
FailureAlarmType_ShelvingState_CurrentState_Number,15387,Variable
FailureAlarmType_ShelvingState_CurrentState_EffectiveDisplayName,15388,Variable
FailureAlarmType_ShelvingState_LastTransition,15389,Variable
FailureAlarmType_ShelvingState_LastTransition_Id,15390,Variable
FailureAlarmType_ShelvingState_LastTransition_Name,15391,Variable
FailureAlarmType_ShelvingState_LastTransition_Number,15392,Variable
FailureAlarmType_ShelvingState_LastTransition_TransitionTime,15393,Variable
FailureAlarmType_ShelvingState_LastTransition_EffectiveTransitionTime,15394,Variable
FailureAlarmType_ShelvingState_AvailableStates,15395,Variable
FailureAlarmType_ShelvingState_AvailableTransitions,15396,Variable
FailureAlarmType_ShelvingState_UnshelveTime,15397,Variable
FailureAlarmType_ShelvingState_TimedShelve,15398,Method
FailureAlarmType_ShelvingState_TimedShelve_InputArguments,15399,Variable
FailureAlarmType_ShelvingState_Unshelve,15400,Method
FailureAlarmType_ShelvingState_OneShotShelve,15401,Method
FailureAlarmType_SuppressedOrShelved,15402,Variable
FailureAlarmType_MaxTimeShelved,15403,Variable
FailureAlarmType_AudibleEnabled,15404,Variable
FailureAlarmType_AudibleSound,15405,Variable
FailureAlarmType_AudibleSound_ListId,15406,Variable
FailureAlarmType_AudibleSound_AgencyId,15407,Variable
FailureAlarmType_AudibleSound_VersionId,15408,Variable
FailureAlarmType_SilenceState,15409,Variable
FailureAlarmType_SilenceState_Id,15410,Variable
FailureAlarmType_SilenceState_Name,15411,Variable
FailureAlarmType_SilenceState_Number,15412,Variable
FailureAlarmType_SilenceState_EffectiveDisplayName,15413,Variable
FailureAlarmType_SilenceState_TransitionTime,15414,Variable
FailureAlarmType_SilenceState_EffectiveTransitionTime,15415,Variable
FailureAlarmType_SilenceState_TrueState,15416,Variable
FailureAlarmType_SilenceState_FalseState,15417,Variable
FailureAlarmType_OnDelay,15418,Variable
FailureAlarmType_OffDelay,15419,Variable
FailureAlarmType_FirstInGroupFlag,15420,Variable
FailureAlarmType_FirstInGroup,15421,Object
FailureAlarmType_LatchedState,15422,Variable
FailureAlarmType_LatchedState_Id,15423,Variable
FailureAlarmType_LatchedState_Name,15424,Variable
FailureAlarmType_LatchedState_Number,15425,Variable
FailureAlarmType_LatchedState_EffectiveDisplayName,15426,Variable
FailureAlarmType_LatchedState_TransitionTime,15427,Variable
FailureAlarmType_LatchedState_EffectiveTransitionTime,15428,Variable
FailureAlarmType_LatchedState_TrueState,15429,Variable
FailureAlarmType_LatchedState_FalseState,15430,Variable
FailureAlarmType_AlarmGroup_Placeholder,15431,Object
FailureAlarmType_ReAlarmTime,15432,Variable
FailureAlarmType_ReAlarmRepeatCount,15433,Variable
FailureAlarmType_Silence,15434,Method
FailureAlarmType_Suppress,15435,Method
FailureAlarmType_Unsuppress,15436,Method
FailureAlarmType_RemoveFromService,15437,Method
FailureAlarmType_PlaceInService,15438,Method
FailureAlarmType_Reset,15439,Method
FailureAlarmType_NormalState,15440,Variable
CheckFunctionAlarmType,15441,ObjectType
CheckFunctionAlarmType_EventId,15442,Variable
CheckFunctionAlarmType_EventType,15443,Variable
CheckFunctionAlarmType_SourceNode,15444,Variable
CheckFunctionAlarmType_SourceName,15445,Variable
CheckFunctionAlarmType_Time,15446,Variable
CheckFunctionAlarmType_ReceiveTime,15447,Variable
CheckFunctionAlarmType_LocalTime,15448,Variable
CheckFunctionAlarmType_Message,15449,Variable
CheckFunctionAlarmType_Severity,15450,Variable
CheckFunctionAlarmType_ConditionClassId,15451,Variable
CheckFunctionAlarmType_ConditionClassName,15452,Variable
CheckFunctionAlarmType_ConditionSubClassId,15453,Variable
CheckFunctionAlarmType_ConditionSubClassName,15454,Variable
CheckFunctionAlarmType_ConditionName,15455,Variable
CheckFunctionAlarmType_BranchId,15456,Variable
CheckFunctionAlarmType_Retain,15457,Variable
CheckFunctionAlarmType_EnabledState,15458,Variable
CheckFunctionAlarmType_EnabledState_Id,15459,Variable
CheckFunctionAlarmType_EnabledState_Name,15460,Variable
CheckFunctionAlarmType_EnabledState_Number,15461,Variable
CheckFunctionAlarmType_EnabledState_EffectiveDisplayName,15462,Variable
CheckFunctionAlarmType_EnabledState_TransitionTime,15463,Variable
CheckFunctionAlarmType_EnabledState_EffectiveTransitionTime,15464,Variable
CheckFunctionAlarmType_EnabledState_TrueState,15465,Variable
CheckFunctionAlarmType_EnabledState_FalseState,15466,Variable
CheckFunctionAlarmType_Quality,15467,Variable
CheckFunctionAlarmType_Quality_SourceTimestamp,15468,Variable
CheckFunctionAlarmType_LastSeverity,15469,Variable
CheckFunctionAlarmType_LastSeverity_SourceTimestamp,15470,Variable
CheckFunctionAlarmType_Comment,15471,Variable
CheckFunctionAlarmType_Comment_SourceTimestamp,15472,Variable
CheckFunctionAlarmType_ClientUserId,15473,Variable
CheckFunctionAlarmType_Disable,15474,Method
CheckFunctionAlarmType_Enable,15475,Method
CheckFunctionAlarmType_AddComment,15476,Method
CheckFunctionAlarmType_AddComment_InputArguments,15477,Variable
CheckFunctionAlarmType_ConditionRefresh,15478,Method
CheckFunctionAlarmType_ConditionRefresh_InputArguments,15479,Variable
CheckFunctionAlarmType_ConditionRefresh2,15480,Method
CheckFunctionAlarmType_ConditionRefresh2_InputArguments,15481,Variable
CheckFunctionAlarmType_AckedState,15482,Variable
CheckFunctionAlarmType_AckedState_Id,15483,Variable
CheckFunctionAlarmType_AckedState_Name,15484,Variable
CheckFunctionAlarmType_AckedState_Number,15485,Variable
CheckFunctionAlarmType_AckedState_EffectiveDisplayName,15486,Variable
CheckFunctionAlarmType_AckedState_TransitionTime,15487,Variable
CheckFunctionAlarmType_AckedState_EffectiveTransitionTime,15488,Variable
CheckFunctionAlarmType_AckedState_TrueState,15489,Variable
CheckFunctionAlarmType_AckedState_FalseState,15490,Variable
CheckFunctionAlarmType_ConfirmedState,15491,Variable
CheckFunctionAlarmType_ConfirmedState_Id,15492,Variable
CheckFunctionAlarmType_ConfirmedState_Name,15493,Variable
CheckFunctionAlarmType_ConfirmedState_Number,15494,Variable
CheckFunctionAlarmType_ConfirmedState_EffectiveDisplayName,15495,Variable
CheckFunctionAlarmType_ConfirmedState_TransitionTime,15496,Variable
CheckFunctionAlarmType_ConfirmedState_EffectiveTransitionTime,15497,Variable
CheckFunctionAlarmType_ConfirmedState_TrueState,15498,Variable
CheckFunctionAlarmType_ConfirmedState_FalseState,15499,Variable
CheckFunctionAlarmType_Acknowledge,15500,Method
CheckFunctionAlarmType_Acknowledge_InputArguments,15501,Variable
CheckFunctionAlarmType_Confirm,15502,Method
CheckFunctionAlarmType_Confirm_InputArguments,15503,Variable
CheckFunctionAlarmType_ActiveState,15504,Variable
CheckFunctionAlarmType_ActiveState_Id,15505,Variable
CheckFunctionAlarmType_ActiveState_Name,15506,Variable
CheckFunctionAlarmType_ActiveState_Number,15507,Variable
CheckFunctionAlarmType_ActiveState_EffectiveDisplayName,15508,Variable
CheckFunctionAlarmType_ActiveState_TransitionTime,15509,Variable
CheckFunctionAlarmType_ActiveState_EffectiveTransitionTime,15510,Variable
CheckFunctionAlarmType_ActiveState_TrueState,15511,Variable
CheckFunctionAlarmType_ActiveState_FalseState,15512,Variable
CheckFunctionAlarmType_InputNode,15513,Variable
CheckFunctionAlarmType_SuppressedState,15514,Variable
CheckFunctionAlarmType_SuppressedState_Id,15515,Variable
CheckFunctionAlarmType_SuppressedState_Name,15516,Variable
CheckFunctionAlarmType_SuppressedState_Number,15517,Variable
CheckFunctionAlarmType_SuppressedState_EffectiveDisplayName,15518,Variable
CheckFunctionAlarmType_SuppressedState_TransitionTime,15519,Variable
CheckFunctionAlarmType_SuppressedState_EffectiveTransitionTime,15520,Variable
CheckFunctionAlarmType_SuppressedState_TrueState,15521,Variable
CheckFunctionAlarmType_SuppressedState_FalseState,15522,Variable
CheckFunctionAlarmType_OutOfServiceState,15523,Variable
CheckFunctionAlarmType_OutOfServiceState_Id,15524,Variable
CheckFunctionAlarmType_OutOfServiceState_Name,15525,Variable
CheckFunctionAlarmType_OutOfServiceState_Number,15526,Variable
CheckFunctionAlarmType_OutOfServiceState_EffectiveDisplayName,15527,Variable
CheckFunctionAlarmType_OutOfServiceState_TransitionTime,15528,Variable
CheckFunctionAlarmType_OutOfServiceState_EffectiveTransitionTime,15529,Variable
CheckFunctionAlarmType_OutOfServiceState_TrueState,15530,Variable
CheckFunctionAlarmType_OutOfServiceState_FalseState,15531,Variable
CheckFunctionAlarmType_ShelvingState,15532,Object
CheckFunctionAlarmType_ShelvingState_CurrentState,15533,Variable
CheckFunctionAlarmType_ShelvingState_CurrentState_Id,15534,Variable
CheckFunctionAlarmType_ShelvingState_CurrentState_Name,15535,Variable
CheckFunctionAlarmType_ShelvingState_CurrentState_Number,15536,Variable
CheckFunctionAlarmType_ShelvingState_CurrentState_EffectiveDisplayName,15537,Variable
CheckFunctionAlarmType_ShelvingState_LastTransition,15538,Variable
CheckFunctionAlarmType_ShelvingState_LastTransition_Id,15539,Variable
CheckFunctionAlarmType_ShelvingState_LastTransition_Name,15540,Variable
CheckFunctionAlarmType_ShelvingState_LastTransition_Number,15541,Variable
CheckFunctionAlarmType_ShelvingState_LastTransition_TransitionTime,15542,Variable
CheckFunctionAlarmType_ShelvingState_LastTransition_EffectiveTransitionTime,15543,Variable
CheckFunctionAlarmType_ShelvingState_AvailableStates,15544,Variable
CheckFunctionAlarmType_ShelvingState_AvailableTransitions,15545,Variable
CheckFunctionAlarmType_ShelvingState_UnshelveTime,15546,Variable
CheckFunctionAlarmType_ShelvingState_TimedShelve,15547,Method
CheckFunctionAlarmType_ShelvingState_TimedShelve_InputArguments,15548,Variable
CheckFunctionAlarmType_ShelvingState_Unshelve,15549,Method
CheckFunctionAlarmType_ShelvingState_OneShotShelve,15550,Method
CheckFunctionAlarmType_SuppressedOrShelved,15551,Variable
CheckFunctionAlarmType_MaxTimeShelved,15552,Variable
CheckFunctionAlarmType_AudibleEnabled,15553,Variable
CheckFunctionAlarmType_AudibleSound,15554,Variable
CheckFunctionAlarmType_AudibleSound_ListId,15555,Variable
CheckFunctionAlarmType_AudibleSound_AgencyId,15556,Variable
CheckFunctionAlarmType_AudibleSound_VersionId,15557,Variable
CheckFunctionAlarmType_SilenceState,15558,Variable
CheckFunctionAlarmType_SilenceState_Id,15559,Variable
CheckFunctionAlarmType_SilenceState_Name,15560,Variable
CheckFunctionAlarmType_SilenceState_Number,15561,Variable
CheckFunctionAlarmType_SilenceState_EffectiveDisplayName,15562,Variable
CheckFunctionAlarmType_SilenceState_TransitionTime,15563,Variable
CheckFunctionAlarmType_SilenceState_EffectiveTransitionTime,15564,Variable
CheckFunctionAlarmType_SilenceState_TrueState,15565,Variable
CheckFunctionAlarmType_SilenceState_FalseState,15566,Variable
CheckFunctionAlarmType_OnDelay,15567,Variable
CheckFunctionAlarmType_OffDelay,15568,Variable
CheckFunctionAlarmType_FirstInGroupFlag,15569,Variable
CheckFunctionAlarmType_FirstInGroup,15570,Object
CheckFunctionAlarmType_LatchedState,15571,Variable
CheckFunctionAlarmType_LatchedState_Id,15572,Variable
CheckFunctionAlarmType_LatchedState_Name,15573,Variable
CheckFunctionAlarmType_LatchedState_Number,15574,Variable
CheckFunctionAlarmType_LatchedState_EffectiveDisplayName,15575,Variable
CheckFunctionAlarmType_LatchedState_TransitionTime,15576,Variable
CheckFunctionAlarmType_LatchedState_EffectiveTransitionTime,15577,Variable
CheckFunctionAlarmType_LatchedState_TrueState,15578,Variable
CheckFunctionAlarmType_LatchedState_FalseState,15579,Variable
CheckFunctionAlarmType_AlarmGroup_Placeholder,15580,Object
CheckFunctionAlarmType_ReAlarmTime,15581,Variable
CheckFunctionAlarmType_ReAlarmRepeatCount,15582,Variable
CheckFunctionAlarmType_Silence,15583,Method
CheckFunctionAlarmType_Suppress,15584,Method
CheckFunctionAlarmType_Unsuppress,15585,Method
CheckFunctionAlarmType_RemoveFromService,15586,Method
CheckFunctionAlarmType_PlaceInService,15587,Method
CheckFunctionAlarmType_Reset,15588,Method
CheckFunctionAlarmType_NormalState,15589,Variable
OffSpecAlarmType,15590,ObjectType
OffSpecAlarmType_EventId,15591,Variable
OffSpecAlarmType_EventType,15592,Variable
OffSpecAlarmType_SourceNode,15593,Variable
OffSpecAlarmType_SourceName,15594,Variable
OffSpecAlarmType_Time,15595,Variable
OffSpecAlarmType_ReceiveTime,15596,Variable
OffSpecAlarmType_LocalTime,15597,Variable
OffSpecAlarmType_Message,15598,Variable
OffSpecAlarmType_Severity,15599,Variable
OffSpecAlarmType_ConditionClassId,15600,Variable
OffSpecAlarmType_ConditionClassName,15601,Variable
OffSpecAlarmType_ConditionSubClassId,15602,Variable
OffSpecAlarmType_ConditionSubClassName,15603,Variable
OffSpecAlarmType_ConditionName,15604,Variable
OffSpecAlarmType_BranchId,15605,Variable
OffSpecAlarmType_Retain,15606,Variable
OffSpecAlarmType_EnabledState,15607,Variable
OffSpecAlarmType_EnabledState_Id,15608,Variable
OffSpecAlarmType_EnabledState_Name,15609,Variable
OffSpecAlarmType_EnabledState_Number,15610,Variable
OffSpecAlarmType_EnabledState_EffectiveDisplayName,15611,Variable
OffSpecAlarmType_EnabledState_TransitionTime,15612,Variable
OffSpecAlarmType_EnabledState_EffectiveTransitionTime,15613,Variable
OffSpecAlarmType_EnabledState_TrueState,15614,Variable
OffSpecAlarmType_EnabledState_FalseState,15615,Variable
OffSpecAlarmType_Quality,15616,Variable
OffSpecAlarmType_Quality_SourceTimestamp,15617,Variable
OffSpecAlarmType_LastSeverity,15618,Variable
OffSpecAlarmType_LastSeverity_SourceTimestamp,15619,Variable
OffSpecAlarmType_Comment,15620,Variable
OffSpecAlarmType_Comment_SourceTimestamp,15621,Variable
OffSpecAlarmType_ClientUserId,15622,Variable
OffSpecAlarmType_Disable,15623,Method
OffSpecAlarmType_Enable,15624,Method
OffSpecAlarmType_AddComment,15625,Method
OffSpecAlarmType_AddComment_InputArguments,15626,Variable
OffSpecAlarmType_ConditionRefresh,15627,Method
OffSpecAlarmType_ConditionRefresh_InputArguments,15628,Variable
OffSpecAlarmType_ConditionRefresh2,15629,Method
OffSpecAlarmType_ConditionRefresh2_InputArguments,15630,Variable
OffSpecAlarmType_AckedState,15631,Variable
OffSpecAlarmType_AckedState_Id,15632,Variable
OffSpecAlarmType_AckedState_Name,15633,Variable
OffSpecAlarmType_AckedState_Number,15634,Variable
OffSpecAlarmType_AckedState_EffectiveDisplayName,15635,Variable
OffSpecAlarmType_AckedState_TransitionTime,15636,Variable
OffSpecAlarmType_AckedState_EffectiveTransitionTime,15637,Variable
OffSpecAlarmType_AckedState_TrueState,15638,Variable
OffSpecAlarmType_AckedState_FalseState,15639,Variable
OffSpecAlarmType_ConfirmedState,15640,Variable
OffSpecAlarmType_ConfirmedState_Id,15641,Variable
OffSpecAlarmType_ConfirmedState_Name,15642,Variable
OffSpecAlarmType_ConfirmedState_Number,15643,Variable
OffSpecAlarmType_ConfirmedState_EffectiveDisplayName,15644,Variable
OffSpecAlarmType_ConfirmedState_TransitionTime,15645,Variable
OffSpecAlarmType_ConfirmedState_EffectiveTransitionTime,15646,Variable
OffSpecAlarmType_ConfirmedState_TrueState,15647,Variable
OffSpecAlarmType_ConfirmedState_FalseState,15648,Variable
OffSpecAlarmType_Acknowledge,15649,Method
OffSpecAlarmType_Acknowledge_InputArguments,15650,Variable
OffSpecAlarmType_Confirm,15651,Method
OffSpecAlarmType_Confirm_InputArguments,15652,Variable
OffSpecAlarmType_ActiveState,15653,Variable
OffSpecAlarmType_ActiveState_Id,15654,Variable
OffSpecAlarmType_ActiveState_Name,15655,Variable
OffSpecAlarmType_ActiveState_Number,15656,Variable
OffSpecAlarmType_ActiveState_EffectiveDisplayName,15657,Variable
OffSpecAlarmType_ActiveState_TransitionTime,15658,Variable
OffSpecAlarmType_ActiveState_EffectiveTransitionTime,15659,Variable
OffSpecAlarmType_ActiveState_TrueState,15660,Variable
OffSpecAlarmType_ActiveState_FalseState,15661,Variable
OffSpecAlarmType_InputNode,15662,Variable
OffSpecAlarmType_SuppressedState,15663,Variable
OffSpecAlarmType_SuppressedState_Id,15664,Variable
OffSpecAlarmType_SuppressedState_Name,15665,Variable
OffSpecAlarmType_SuppressedState_Number,15666,Variable
OffSpecAlarmType_SuppressedState_EffectiveDisplayName,15667,Variable
OffSpecAlarmType_SuppressedState_TransitionTime,15668,Variable
OffSpecAlarmType_SuppressedState_EffectiveTransitionTime,15669,Variable
OffSpecAlarmType_SuppressedState_TrueState,15670,Variable
OffSpecAlarmType_SuppressedState_FalseState,15671,Variable
OffSpecAlarmType_OutOfServiceState,15672,Variable
OffSpecAlarmType_OutOfServiceState_Id,15673,Variable
OffSpecAlarmType_OutOfServiceState_Name,15674,Variable
OffSpecAlarmType_OutOfServiceState_Number,15675,Variable
OffSpecAlarmType_OutOfServiceState_EffectiveDisplayName,15676,Variable
OffSpecAlarmType_OutOfServiceState_TransitionTime,15677,Variable
OffSpecAlarmType_OutOfServiceState_EffectiveTransitionTime,15678,Variable
OffSpecAlarmType_OutOfServiceState_TrueState,15679,Variable
OffSpecAlarmType_OutOfServiceState_FalseState,15680,Variable
OffSpecAlarmType_ShelvingState,15681,Object
OffSpecAlarmType_ShelvingState_CurrentState,15682,Variable
OffSpecAlarmType_ShelvingState_CurrentState_Id,15683,Variable
OffSpecAlarmType_ShelvingState_CurrentState_Name,15684,Variable
OffSpecAlarmType_ShelvingState_CurrentState_Number,15685,Variable
OffSpecAlarmType_ShelvingState_CurrentState_EffectiveDisplayName,15686,Variable
OffSpecAlarmType_ShelvingState_LastTransition,15687,Variable
OffSpecAlarmType_ShelvingState_LastTransition_Id,15688,Variable
OffSpecAlarmType_ShelvingState_LastTransition_Name,15689,Variable
OffSpecAlarmType_ShelvingState_LastTransition_Number,15690,Variable
OffSpecAlarmType_ShelvingState_LastTransition_TransitionTime,15691,Variable
OffSpecAlarmType_ShelvingState_LastTransition_EffectiveTransitionTime,15692,Variable
OffSpecAlarmType_ShelvingState_AvailableStates,15693,Variable
OffSpecAlarmType_ShelvingState_AvailableTransitions,15694,Variable
OffSpecAlarmType_ShelvingState_UnshelveTime,15695,Variable
OffSpecAlarmType_ShelvingState_TimedShelve,15696,Method
OffSpecAlarmType_ShelvingState_TimedShelve_InputArguments,15697,Variable
OffSpecAlarmType_ShelvingState_Unshelve,15698,Method
OffSpecAlarmType_ShelvingState_OneShotShelve,15699,Method
OffSpecAlarmType_SuppressedOrShelved,15700,Variable
OffSpecAlarmType_MaxTimeShelved,15701,Variable
OffSpecAlarmType_AudibleEnabled,15702,Variable
OffSpecAlarmType_AudibleSound,15703,Variable
OffSpecAlarmType_AudibleSound_ListId,15704,Variable
OffSpecAlarmType_AudibleSound_AgencyId,15705,Variable
OffSpecAlarmType_AudibleSound_VersionId,15706,Variable
OffSpecAlarmType_SilenceState,15707,Variable
OffSpecAlarmType_SilenceState_Id,15708,Variable
OffSpecAlarmType_SilenceState_Name,15709,Variable
OffSpecAlarmType_SilenceState_Number,15710,Variable
OffSpecAlarmType_SilenceState_EffectiveDisplayName,15711,Variable
OffSpecAlarmType_SilenceState_TransitionTime,15712,Variable
OffSpecAlarmType_SilenceState_EffectiveTransitionTime,15713,Variable
OffSpecAlarmType_SilenceState_TrueState,15714,Variable
OffSpecAlarmType_SilenceState_FalseState,15715,Variable
OffSpecAlarmType_OnDelay,15716,Variable
OffSpecAlarmType_OffDelay,15717,Variable
OffSpecAlarmType_FirstInGroupFlag,15718,Variable
OffSpecAlarmType_FirstInGroup,15719,Object
OffSpecAlarmType_LatchedState,15720,Variable
OffSpecAlarmType_LatchedState_Id,15721,Variable
OffSpecAlarmType_LatchedState_Name,15722,Variable
OffSpecAlarmType_LatchedState_Number,15723,Variable
OffSpecAlarmType_LatchedState_EffectiveDisplayName,15724,Variable
OffSpecAlarmType_LatchedState_TransitionTime,15725,Variable
OffSpecAlarmType_LatchedState_EffectiveTransitionTime,15726,Variable
OffSpecAlarmType_LatchedState_TrueState,15727,Variable
OffSpecAlarmType_LatchedState_FalseState,15728,Variable
OffSpecAlarmType_AlarmGroup_Placeholder,15729,Object
OffSpecAlarmType_ReAlarmTime,15730,Variable
OffSpecAlarmType_ReAlarmRepeatCount,15731,Variable
OffSpecAlarmType_Silence,15732,Method
OffSpecAlarmType_Suppress,15733,Method
OffSpecAlarmType_Unsuppress,15734,Method
OffSpecAlarmType_RemoveFromService,15735,Method
OffSpecAlarmType_PlaceInService,15736,Method
OffSpecAlarmType_Reset,15737,Method
OffSpecAlarmType_NormalState,15738,Variable
MaintenanceRequiredAlarmType,15739,ObjectType
MaintenanceRequiredAlarmType_EventId,15740,Variable
MaintenanceRequiredAlarmType_EventType,15741,Variable
MaintenanceRequiredAlarmType_SourceNode,15742,Variable
MaintenanceRequiredAlarmType_SourceName,15743,Variable
MaintenanceRequiredAlarmType_Time,15744,Variable
MaintenanceRequiredAlarmType_ReceiveTime,15745,Variable
MaintenanceRequiredAlarmType_LocalTime,15746,Variable
MaintenanceRequiredAlarmType_Message,15747,Variable
MaintenanceRequiredAlarmType_Severity,15748,Variable
MaintenanceRequiredAlarmType_ConditionClassId,15749,Variable
MaintenanceRequiredAlarmType_ConditionClassName,15750,Variable
MaintenanceRequiredAlarmType_ConditionSubClassId,15751,Variable
MaintenanceRequiredAlarmType_ConditionSubClassName,15752,Variable
MaintenanceRequiredAlarmType_ConditionName,15753,Variable
MaintenanceRequiredAlarmType_BranchId,15754,Variable
MaintenanceRequiredAlarmType_Retain,15755,Variable
MaintenanceRequiredAlarmType_EnabledState,15756,Variable
MaintenanceRequiredAlarmType_EnabledState_Id,15757,Variable
MaintenanceRequiredAlarmType_EnabledState_Name,15758,Variable
MaintenanceRequiredAlarmType_EnabledState_Number,15759,Variable
MaintenanceRequiredAlarmType_EnabledState_EffectiveDisplayName,15760,Variable
MaintenanceRequiredAlarmType_EnabledState_TransitionTime,15761,Variable
MaintenanceRequiredAlarmType_EnabledState_EffectiveTransitionTime,15762,Variable
MaintenanceRequiredAlarmType_EnabledState_TrueState,15763,Variable
MaintenanceRequiredAlarmType_EnabledState_FalseState,15764,Variable
MaintenanceRequiredAlarmType_Quality,15765,Variable
MaintenanceRequiredAlarmType_Quality_SourceTimestamp,15766,Variable
MaintenanceRequiredAlarmType_LastSeverity,15767,Variable
MaintenanceRequiredAlarmType_LastSeverity_SourceTimestamp,15768,Variable
MaintenanceRequiredAlarmType_Comment,15769,Variable
MaintenanceRequiredAlarmType_Comment_SourceTimestamp,15770,Variable
MaintenanceRequiredAlarmType_ClientUserId,15771,Variable
MaintenanceRequiredAlarmType_Disable,15772,Method
MaintenanceRequiredAlarmType_Enable,15773,Method
MaintenanceRequiredAlarmType_AddComment,15774,Method
MaintenanceRequiredAlarmType_AddComment_InputArguments,15775,Variable
MaintenanceRequiredAlarmType_ConditionRefresh,15776,Method
MaintenanceRequiredAlarmType_ConditionRefresh_InputArguments,15777,Variable
MaintenanceRequiredAlarmType_ConditionRefresh2,15778,Method
MaintenanceRequiredAlarmType_ConditionRefresh2_InputArguments,15779,Variable
MaintenanceRequiredAlarmType_AckedState,15780,Variable
MaintenanceRequiredAlarmType_AckedState_Id,15781,Variable
MaintenanceRequiredAlarmType_AckedState_Name,15782,Variable
MaintenanceRequiredAlarmType_AckedState_Number,15783,Variable
MaintenanceRequiredAlarmType_AckedState_EffectiveDisplayName,15784,Variable
MaintenanceRequiredAlarmType_AckedState_TransitionTime,15785,Variable
MaintenanceRequiredAlarmType_AckedState_EffectiveTransitionTime,15786,Variable
MaintenanceRequiredAlarmType_AckedState_TrueState,15787,Variable
MaintenanceRequiredAlarmType_AckedState_FalseState,15788,Variable
MaintenanceRequiredAlarmType_ConfirmedState,15789,Variable
MaintenanceRequiredAlarmType_ConfirmedState_Id,15790,Variable
MaintenanceRequiredAlarmType_ConfirmedState_Name,15791,Variable
MaintenanceRequiredAlarmType_ConfirmedState_Number,15792,Variable
MaintenanceRequiredAlarmType_ConfirmedState_EffectiveDisplayName,15793,Variable
MaintenanceRequiredAlarmType_ConfirmedState_TransitionTime,15794,Variable
MaintenanceRequiredAlarmType_ConfirmedState_EffectiveTransitionTime,15795,Variable
MaintenanceRequiredAlarmType_ConfirmedState_TrueState,15796,Variable
MaintenanceRequiredAlarmType_ConfirmedState_FalseState,15797,Variable
MaintenanceRequiredAlarmType_Acknowledge,15798,Method
MaintenanceRequiredAlarmType_Acknowledge_InputArguments,15799,Variable
MaintenanceRequiredAlarmType_Confirm,15800,Method
MaintenanceRequiredAlarmType_Confirm_InputArguments,15801,Variable
MaintenanceRequiredAlarmType_ActiveState,15802,Variable
MaintenanceRequiredAlarmType_ActiveState_Id,15803,Variable
MaintenanceRequiredAlarmType_ActiveState_Name,15804,Variable
MaintenanceRequiredAlarmType_ActiveState_Number,15805,Variable
MaintenanceRequiredAlarmType_ActiveState_EffectiveDisplayName,15806,Variable
MaintenanceRequiredAlarmType_ActiveState_TransitionTime,15807,Variable
MaintenanceRequiredAlarmType_ActiveState_EffectiveTransitionTime,15808,Variable
MaintenanceRequiredAlarmType_ActiveState_TrueState,15809,Variable
MaintenanceRequiredAlarmType_ActiveState_FalseState,15810,Variable
MaintenanceRequiredAlarmType_InputNode,15811,Variable
MaintenanceRequiredAlarmType_SuppressedState,15812,Variable
MaintenanceRequiredAlarmType_SuppressedState_Id,15813,Variable
MaintenanceRequiredAlarmType_SuppressedState_Name,15814,Variable
MaintenanceRequiredAlarmType_SuppressedState_Number,15815,Variable
MaintenanceRequiredAlarmType_SuppressedState_EffectiveDisplayName,15816,Variable
MaintenanceRequiredAlarmType_SuppressedState_TransitionTime,15817,Variable
MaintenanceRequiredAlarmType_SuppressedState_EffectiveTransitionTime,15818,Variable
MaintenanceRequiredAlarmType_SuppressedState_TrueState,15819,Variable
MaintenanceRequiredAlarmType_SuppressedState_FalseState,15820,Variable
MaintenanceRequiredAlarmType_OutOfServiceState,15821,Variable
MaintenanceRequiredAlarmType_OutOfServiceState_Id,15822,Variable
MaintenanceRequiredAlarmType_OutOfServiceState_Name,15823,Variable
MaintenanceRequiredAlarmType_OutOfServiceState_Number,15824,Variable
MaintenanceRequiredAlarmType_OutOfServiceState_EffectiveDisplayName,15825,Variable
MaintenanceRequiredAlarmType_OutOfServiceState_TransitionTime,15826,Variable
MaintenanceRequiredAlarmType_OutOfServiceState_EffectiveTransitionTime,15827,Variable
MaintenanceRequiredAlarmType_OutOfServiceState_TrueState,15828,Variable
MaintenanceRequiredAlarmType_OutOfServiceState_FalseState,15829,Variable
MaintenanceRequiredAlarmType_ShelvingState,15830,Object
MaintenanceRequiredAlarmType_ShelvingState_CurrentState,15831,Variable
MaintenanceRequiredAlarmType_ShelvingState_CurrentState_Id,15832,Variable
MaintenanceRequiredAlarmType_ShelvingState_CurrentState_Name,15833,Variable
MaintenanceRequiredAlarmType_ShelvingState_CurrentState_Number,15834,Variable
MaintenanceRequiredAlarmType_ShelvingState_CurrentState_EffectiveDisplayName,15835,Variable
MaintenanceRequiredAlarmType_ShelvingState_LastTransition,15836,Variable
MaintenanceRequiredAlarmType_ShelvingState_LastTransition_Id,15837,Variable
MaintenanceRequiredAlarmType_ShelvingState_LastTransition_Name,15838,Variable
MaintenanceRequiredAlarmType_ShelvingState_LastTransition_Number,15839,Variable
MaintenanceRequiredAlarmType_ShelvingState_LastTransition_TransitionTime,15840,Variable
MaintenanceRequiredAlarmType_ShelvingState_LastTransition_EffectiveTransitionTime,15841,Variable
MaintenanceRequiredAlarmType_ShelvingState_AvailableStates,15842,Variable
MaintenanceRequiredAlarmType_ShelvingState_AvailableTransitions,15843,Variable
MaintenanceRequiredAlarmType_ShelvingState_UnshelveTime,15844,Variable
MaintenanceRequiredAlarmType_ShelvingState_TimedShelve,15845,Method
MaintenanceRequiredAlarmType_ShelvingState_TimedShelve_InputArguments,15846,Variable
MaintenanceRequiredAlarmType_ShelvingState_Unshelve,15847,Method
MaintenanceRequiredAlarmType_ShelvingState_OneShotShelve,15848,Method
MaintenanceRequiredAlarmType_SuppressedOrShelved,15849,Variable
MaintenanceRequiredAlarmType_MaxTimeShelved,15850,Variable
MaintenanceRequiredAlarmType_AudibleEnabled,15851,Variable
MaintenanceRequiredAlarmType_AudibleSound,15852,Variable
MaintenanceRequiredAlarmType_AudibleSound_ListId,15853,Variable
MaintenanceRequiredAlarmType_AudibleSound_AgencyId,15854,Variable
MaintenanceRequiredAlarmType_AudibleSound_VersionId,15855,Variable
MaintenanceRequiredAlarmType_SilenceState,15856,Variable
MaintenanceRequiredAlarmType_SilenceState_Id,15857,Variable
MaintenanceRequiredAlarmType_SilenceState_Name,15858,Variable
MaintenanceRequiredAlarmType_SilenceState_Number,15859,Variable
MaintenanceRequiredAlarmType_SilenceState_EffectiveDisplayName,15860,Variable
MaintenanceRequiredAlarmType_SilenceState_TransitionTime,15861,Variable
MaintenanceRequiredAlarmType_SilenceState_EffectiveTransitionTime,15862,Variable
MaintenanceRequiredAlarmType_SilenceState_TrueState,15863,Variable
MaintenanceRequiredAlarmType_SilenceState_FalseState,15864,Variable
MaintenanceRequiredAlarmType_OnDelay,15865,Variable
MaintenanceRequiredAlarmType_OffDelay,15866,Variable
MaintenanceRequiredAlarmType_FirstInGroupFlag,15867,Variable
MaintenanceRequiredAlarmType_FirstInGroup,15868,Object
MaintenanceRequiredAlarmType_LatchedState,15869,Variable
MaintenanceRequiredAlarmType_LatchedState_Id,15870,Variable
MaintenanceRequiredAlarmType_LatchedState_Name,15871,Variable
MaintenanceRequiredAlarmType_LatchedState_Number,15872,Variable
MaintenanceRequiredAlarmType_LatchedState_EffectiveDisplayName,15873,Variable
MaintenanceRequiredAlarmType_LatchedState_TransitionTime,15874,Variable
MaintenanceRequiredAlarmType_LatchedState_EffectiveTransitionTime,15875,Variable
MaintenanceRequiredAlarmType_LatchedState_TrueState,15876,Variable
MaintenanceRequiredAlarmType_LatchedState_FalseState,15877,Variable
MaintenanceRequiredAlarmType_AlarmGroup_Placeholder,15878,Object
MaintenanceRequiredAlarmType_ReAlarmTime,15879,Variable
MaintenanceRequiredAlarmType_ReAlarmRepeatCount,15880,Variable
MaintenanceRequiredAlarmType_Silence,15881,Method
MaintenanceRequiredAlarmType_Suppress,15882,Method
MaintenanceRequiredAlarmType_Unsuppress,15883,Method
MaintenanceRequiredAlarmType_RemoveFromService,15884,Method
MaintenanceRequiredAlarmType_PlaceInService,15885,Method
MaintenanceRequiredAlarmType_Reset,15886,Method
MaintenanceRequiredAlarmType_NormalState,15887,Variable
TransferResultErrorDataType,15888,DataType
TransferResultDataDataType,15889,DataType
LockingServicesType_DefaultInstanceBrowseName,15890,Variable
TransferResultErrorDataType_Encoding_DefaultBinary,15891,Object
TransferResultDataDataType_Encoding_DefaultBinary,15892,Object
OpcUaDi_BinarySchema_Deprecated,15893,Variable
OpcUaDi_BinarySchema_TransferResultErrorDataType,15894,Variable
OpcUaDi_BinarySchema_TransferResultErrorDataType_DataTypeVersion,15895,Variable
OpcUaDi_BinarySchema_TransferResultErrorDataType_DictionaryFragment,15896,Variable
OpcUaDi_BinarySchema_TransferResultDataDataType,15897,Variable
OpcUaDi_BinarySchema_TransferResultDataDataType_DataTypeVersion,15898,Variable
OpcUaDi_BinarySchema_TransferResultDataDataType_DictionaryFragment,15899,Variable
TransferResultErrorDataType_Encoding_DefaultXml,15900,Object
TransferResultDataDataType_Encoding_DefaultXml,15901,Object
OpcUaDi_XmlSchema_Deprecated,15902,Variable
OpcUaDi_XmlSchema_TransferResultErrorDataType,15903,Variable
OpcUaDi_XmlSchema_TransferResultErrorDataType_DataTypeVersion,15904,Variable
OpcUaDi_XmlSchema_TransferResultErrorDataType_DictionaryFragment,15905,Variable
OpcUaDi_XmlSchema_TransferResultDataDataType,15906,Variable
OpcUaDi_XmlSchema_TransferResultDataDataType_DataTypeVersion,15907,Variable
OpcUaDi_XmlSchema_TransferResultDataDataType_DictionaryFragment,15908,Variable
FetchResultDataType_Encoding_DefaultJson,15909,Object
TransferResultErrorDataType_Encoding_DefaultJson,15910,Object
TransferResultDataDataType_Encoding_DefaultJson,15911,Object
ParameterResultDataType_Encoding_DefaultJson,15912,Object
